cod_cnuc,mean,na_rows,total_days,pa_name_cnuc,en_wkname
0000.00.0001,0.8786206896551724,1,1451,ÁREA DE PROTEÇÃO AMBIENTAL ANHATOMIRIM,Anhatomirim Environmental Protection Area
0000.00.0002,1.293793103448276,1,1451,ÁREA DE PROTEÇÃO AMBIENTAL CAVERNAS DO PERUAÇU,Cavernas do Peruaçu Environmental Protection Area
0000.00.0007,0.7951724137931034,1,1451,ÁREA DE PROTEÇÃO AMBIENTAL BARRA DO RIO MAMANGUAPE,Barra do Rio Mamanguape Environmental Protection Area
0000.00.0010,0.7560303239145417,0,1451,ÁREA DE PROTEÇÃO AMBIENTAL DE PETRÓPOLIS,Petrópolis Environmental Protection Area
0000.00.0011,0.9517574086836664,0,1451,ÁREA DE PROTEÇÃO AMBIENTAL SERRA DA MANTIQUEIRA,Serra da Mantiqueira Environmental Protection Area
0000.00.0012,0.7760165403170227,0,1451,ÁREA DE PROTEÇÃO AMBIENTAL SERRA DA TABATINGA,Serra de Tabatinga Environmental Protection Area
0000.00.0013,0.9924190213645762,0,1451,ÁREA DE PROTEÇÃO AMBIENTAL DE CAIRUÇU,Cairuçu Environmental Protection Area
0000.00.0016,0.9758620689655172,1,1451,ÁREA DE PROTEÇÃO AMBIENTAL DE GUAPI-MIRIM,Guapimirim Environmental Protection Area
0000.00.0017,1.0731034482758621,1,1451,ÁREA DE PROTEÇÃO AMBIENTAL DE GUARAQUEÇABA,Guaraqueçaba Environmental Protection Area
0000.00.0018,0.6023432115782219,0,1451,ÁREA DE PROTEÇÃO AMBIENTAL DE PIAÇABUÇU,Piaçabuçu Environmental Protection Area
0000.00.0019,1.4559164733178653,0,862,ÁREA DE PROTEÇÃO AMBIENTAL DELTA DO PARNAIBA,Delta do Parnaíba Environmental Protection Area
0000.00.0020,0.7512060647829083,0,1451,ÁREA DE PROTEÇÃO AMBIENTAL CARSTE DA LAGOA SANTA,Carste de Lagoa Santa Environmental Protection Area
0000.00.0021,0.5651274982770503,0,1451,ÁREA DE PROTEÇÃO AMBIENTAL IBIRAPUITÃ,Ibirapuitã Environmental Protection Area
0000.00.0022,0.7643004824259132,0,1451,ÁREA DE PROTEÇÃO AMBIENTAL DO IGARAPÉ GELADO,Igarapé Gelado Environmental Protection Area
0000.00.0027,0.6512749827705031,0,1451,ÁREA DE PROTEÇÃO AMBIENTAL MORRO DA PEDREIRA,Morro da Pedreira Environmental Protection Area
0000.00.0029,1.3135888501742161,0,861,ÁREA DE PROTEÇÃO AMBIENTAL SERRA DA IBIAPABA,Serra da Ibiapaba Environmental Protection Area
0000.00.0030,0.2742504409171076,2,1136,ÁREA DE RELEVANTE INTERESSE ECOLÓGICA VASSUNUNGA,Buriti de Vassununga Area of Relevant Ecological Interest
0000.00.0032,0.7702464788732394,0,1136,ÁREA DE RELEVANTE INTERESSE ECOLÓGICA PÉ-DE-GIGANTE,Cerrado Pé de Gigante Area of Relevant Ecological Interest
0000.00.0034,7.561681598897312,0,1451,MONUMENTO NATURAL DAS ILHAS CAGARRAS,Ilhas Cagarras
0000.00.0036,0.4430856067732832,0,1063,ÁREA DE RELEVANTE INTERESSE ECOLÓGICA ILHA AMEIXAL,Ilha do Ameixal Area of Relevant Ecological Interest
0000.00.0037,17.00742311770944,0,943,ÁREA DE RELEVANTE INTERESSE ECOLÓGICO ILHAS QUEIMADA GRANDE E QUEIMADA PEQUENA,Ilhas Queimada Pequena e Queimada Grande Area of Relevant Ecological Interest
0000.00.0038,0.4075975359342916,1,975,ÁREA DE RELEVANTE INTERESSE ECOLÓGICA JAVARI BURITI,Javari-Buriti Area of Relevant Ecological Interest
0000.00.0040,1.257243195785777,0,1139,ÁREA DE RELEVANTE INTERESSE ECOLÓGICA MATA DE SANTA GENEBRA,Mata de Santa Genebra
0000.00.0043,0.6940451745379876,1,975,ÁREA DE RELEVANTE INTERESSE ECOLÓGICA PROJETO DINÂMICA BIOLÓGICA DE FRAGMENTOS FLORESTAIS,Biological Dynamics of Forest Fragments Project Area of Relevant Ecological Interest
0000.00.0047,0.9481216457960644,0,1118,ESTAÇÃO ECOLÓGICA DA TERRA DO MEIO,Terra do Meio Ecological Station
0000.00.0048,0.9209833187006146,0,1139,ESTAÇÃO ECOLÓGICA DE AIUABA,Aiuaba Ecological Station
0000.00.0049,6.920055134390076,0,1451,PARQUE NACIONAL DE ANAVILHANAS,Anavilhanas National Park
0000.00.0050,0.6944827586206896,1,1451,ESTAÇÃO ECOLÓGICA DE ARACURI-ESMERALDA,Aracuri-Esmeralda Ecological Station
0000.00.0052,0.7579310344827587,1,1451,ESTAÇÃO ECOLÓGICA DE CARIJÓS,Carijós Ecological Station
0000.00.0053,0.9328028293545535,0,1131,ESTAÇÃO ECOLÓGICA DE CUNIÃ,Cuniã Ecological Station
0000.00.0054,0.6616126809097175,0,1451,ESTAÇÃO ECOLÓGICA DE GUARAQUEÇABA,Guaraqueçaba Ecological Station
0000.00.0055,0.6574776016540317,0,1451,ESTAÇÃO ECOLÓGICA DE IQUÊ,Iquê Ecological Station
0000.00.0056,0.7691247415575465,0,1451,ESTAÇÃO ECOLÓGICA DE JUTAÍ-SOLIMÕES,Jutaí-Solimões Ecological Station
0000.00.0057,1.6802205375603032,0,1451,ESTAÇÃO ECOLÓGICA DE MARACÁ,Maracá Ecological Station
0000.00.0058,0.7484493452791179,0,1451,ESTAÇÃO ECOLÓGICA DE MARACÁ JIPIOCA,Maracá-Jipioca Ecological Station
0000.00.0059,0.8369905956112853,0,957,ESTAÇÃO ECOLÓGICA DE MURICI,Murici Ecological Station
0000.00.0060,0.5520330806340454,0,1451,ESTAÇÃO ECOLÓGICA DE NIQUIÁ,Niquiá Ecological Station
0000.00.0061,1.2818745692625775,0,1451,ESTAÇÃO ECOLÓGICA DE PIRAPITINGA,Pirapitinga Ecological Station
0000.00.0062,1.19710544452102,0,1451,ESTAÇÃO ECOLÓGICA DE TAIAMÃ,Taiamã Ecological Station
0000.00.0063,0.86,1,1451,ESTAÇÃO ECOLÓGICA DE TAMOIOS,Tamoios Ecological Station
0000.00.0064,0.646896551724138,1,1451,ESTAÇÃO ECOLÓGICA TUPINAMBÁS,Tupinambás Ecological Station
0000.00.0065,1.0964851826326671,0,1451,ESTAÇÃO ECOLÓGICA DE URUÇUÍ-UNA,Uruçui-Una Ecological Station
0000.00.0066,0.6442873969375736,1,850,ESTAÇÃO ECOLÓGICA DO CASTANHÃO,Castanhão Ecological Station
0000.00.0067,0.8262068965517242,1,1451,ESTAÇÃO ECOLÓGICA DO JARI,Jari Ecological Station
0000.00.0068,0.8173673328738801,0,1451,ESTAÇÃO ECOLÓGICA RIO ACRE,Rio Acre Ecological Station
0000.00.0069,0.5441379310344827,1,1451,ESTAÇÃO ECOLÓGICA DO SERIDÓ,Seridó Ecological Station
0000.00.0070,1.8587181254307374,0,1451,ESTAÇÃO ECOLÓGICA DO TAIM,Taim Ecological Station
0000.00.0071,0.7615437629221227,0,1451,ESTAÇÃO ECOLÓGICA DOS TUPINIQUINS,Tupiniquins Ecological Station
0000.00.0072,0.7289655172413793,1,1451,ESTAÇÃO ECOLÓGICA JUAMI-JAPURÁ,Juami-Japurá Ecological Station
0000.00.0073,0.7361256544502618,2,957,ESTAÇÃO ECOLÓGICA MICO LEÃO PRETO,Mico Leão Preto Ecological Station
0000.00.0074,0.6075862068965517,1,1451,ESTAÇÃO ECOLÓGICA RASO DA CATARINA,Raso da Catarina Ecological Station
0000.00.0075,1.0144727773949,0,1451,ESTAÇÃO ECOLÓGICA DA SERRA DAS ARARAS,Serra das Araras Ecological Station
0000.00.0076,0.9302949061662198,0,1119,ESTACAO ECOLOGICA SERRA GERAL DO TOCANTINS,Serra Geral do Tocantins Ecological Station
0000.00.0082,0.9766606822262118,1,1115,FLORESTA NACIONAL DE AÇU,Açu National Forest
0000.00.0083,0.9937388193202147,0,1118,FLORESTA NACIONAL ALTAMIRA,Altamira National Forest
0000.00.0085,0.908273381294964,1,1113,FLORESTA NACIONAL DE BALATA-TUFARI,Balata-Tufari National Forest
0000.00.0088,3.693822739480752,0,1117,FLORESTA NACIONAL DE CARAJÁS,Carajás National Forest
0000.00.0089,1.786354238456237,0,1451,FLORESTA NACIONAL DE CAXIUANÃ,Caxiuanã National Forest
0000.00.0091,0.568041237113402,1,971,FLORESTA NACIONAL DE GOYTACAZES,Goytacazes National Forest
0000.00.0092,1.0773381294964028,1,1113,FLORESTA NACIONAL DE HUMAITÁ,Humaitá National Forest
0000.00.0095,0.6329453894359892,1,1118,FLORESTA NACIONAL DE ITAITUBA I,Itaituba I National Forest
0000.00.0096,0.5926589077887198,1,1118,FLORESTA NACIONAL DE ITAITUBA II,Itaituba II National Forest
0000.00.0097,0.7017699115044248,1,1131,FLORESTA NACIONAL DE JACUNDÁ,Jacundá National Forest
0000.00.0098,0.5943491422805247,1,992,FLORESTA NACIONAL DE LORENA,Lorena National Forest
0000.00.0099,0.7881508078994613,1,1115,FLORESTA NACIONAL DE MULATA,Mulata National Forest
0000.00.0100,0.507181328545781,0,1114,FLORESTA NACIONAL DE NÍSIA FLORESTA,Nísia Floresta National Forest
0000.00.0101,0.5211995863495347,0,967,FLORESTA NACIONAL DE PACOTUBA,Pacotuba National Forest
0000.00.0104,0.8580310880829015,0,965,FLORESTA NACIONAL DE PAU-ROSA,Pau-Rosa National Forest
0000.00.0105,0.5199645075421473,0,1127,FLORESTA NACIONAL DE RITÁPOLIS,Ritápolis National Forest
0000.00.0106,1.0842198581560283,0,1128,FLORESTA NACIONAL DE RORAIMA,Roraima National Forest
0000.00.0107,1.3994515539305301,1,1095,FLORESTA NACIONAL DE SANTA ROSA DO PURUS,Santa Rosa do Purus National Forest
0000.00.0108,0.5050228310502283,0,1095,FLORESTA NACIONAL DE SÃO FRANCISCO,São Francisco National Forest
0000.00.0109,1.2053811659192826,0,1115,FLORESTA NACIONAL DE SARACÁ-TAQUERA,Saracá-Taquera National Forest
0000.00.0112,1.3172484599589322,1,975,FLORESTA NACIONAL DE TEFÉ,Tefé National Forest
0000.00.0113,0.762962962962963,0,1080,FLORESTA NACIONAL DE AMAPÁ,Amapá National Forest
0000.00.0114,1.2919254658385093,0,1127,FLORESTA NACIONAL DO AMAZONAS,Amazonas National Forest
0000.00.0116,0.8672199170124482,0,964,FLORESTA NACIONAL DE BOM FUTURO,Bom Futuro National Forest
0000.00.0120,0.5255474452554745,1,1097,FLORESTA NACIONAL DE MACAUÃ,Macauã National Forest
0000.00.0121,0.8799212598425197,0,1016,FLORESTA NACIONAL DE PURUS,Purus National Forest
0000.00.0122,0.7060390763765542,0,1126,FLORESTA NACIONAL DE RIO PRETO,Rio Preto National Forest
0000.00.0123,1.7139903514817367,0,1451,FLORESTA NACIONAL DE TAPAJÓS,Tapajós National Forest
0000.00.0124,0.9587813620071685,1,1117,FLORESTA NACIONAL DE TAPIRAPÉ-AQUIRI,Tapirapé-Aquiri National Forest
0000.00.0126,0.48669950738916257,1,1016,FLORESTA NACIONAL DE MAPIÁ-INAUINÍ,Mapiá-Inauini National Forest
0000.00.0129,0.6542713567839196,0,995,FLORESTA NACIONAL DE PASSA QUATRO,Passa Quatro National Forest
0000.00.0132,0.7113276492082826,0,821,FLORESTA NACIONAL DA RESTINGA DE CABEDELO,Restinga de Cabedelo National Forest
0000.00.0133,0.6524761077324066,1,1152,FLORESTA NACIONAL DE SÃO FRANCISCO DE PAULA,São Francisco de Paula National Forest
0000.00.0134,0.3305978898007034,1,854,FLORESTA NACIONAL DE TRÊS BARRAS,Três Barras National Forest
0000.00.0135,3.8201240523776705,0,1451,PARQUE NACIONAL CAVERNAS DO PERUAÇU,Cavernas do Peruaçu National Park
0000.00.0136,11.84631288766368,0,1451,PARQUE NACIONAL DA AMAZÔNIA,Amazônia National Park
0000.00.0137,58.33838731909028,0,1451,PARQUE NACIONAL DA CHAPADA DIAMANTINA,Chapada Diamantina National Park
0000.00.0138,10.308752584424536,0,1451,PARQUE NACIONAL DA CHAPADA DOS GUIMARÃES,Chapada dos Guimarães National Park
0000.00.0139,30.871123363197796,0,1451,PARQUE NACIONAL DA CHAPADA DOS VEADEIROS,Chapada dos Veadeiros National Park
0000.00.0140,2.7677463818056514,0,1451,PARQUE NACIONAL DA LAGOA DO PEIXE,Lagoa do Peixe National Park
0000.00.0141,3.282563749138525,0,1451,PARQUE NACIONAL RESTINGA DE JURUBATIBA,Jurubatiba Sandbank National Park
0000.00.0142,6.782908339076499,0,1451,PARQUE NACIONAL DA SERRA DA BOCAINA,Serra da Bocaina National Park
0000.00.0143,3.669193659545141,0,1451,PARQUE NACIONAL DA SERRA DA BODOQUENA,Serra da Bodoquena National Park
0000.00.0144,9.654031702274294,0,1451,PARQUE NACIONAL DA SERRA DA CANASTRA,Serra da Canastra National Park
0000.00.0145,31.12474155754652,0,1451,PARQUE NACIONAL DA SERRA DA CAPIVARA,Serra da Capivara National Park
0000.00.0146,2.4670280036133696,0,1107,PARQUE NACIONAL SERRA DAS CONFUSÕES,Serra das Confusões National Park
0000.00.0147,3.2929014472777394,0,1451,PARQUE NACIONAL DA SERRA DE ITABAIANA,Serra de Itabaiana National Park
0000.00.0148,6.8966230186078565,0,1451,PARQUE NACIONAL DA SERRA DO CIPÓ,Serra do Cipó National Park
0000.00.0149,5.32184700206754,0,1451,PARQUE NACIONAL DA SERRA DO DIVISOR,Serra do Divisor National Park
0000.00.0150,4.330344827586207,1,1451,PARQUE NACIONAL DA SERRA DO ITAJAÍ,Serra do Itajaí National Park
0000.00.0151,1.6133700895933838,0,1451,PARQUE NACIONAL DA SERRA DO PARDO,Serra do Pardo National Park
0000.00.0152,21.738111647139903,0,1451,PARQUE NACIONAL DA SERRA DOS ORGÃOS,Serra dos Órgãos National Park
0000.00.0153,4.839421088904204,0,1451,PARQUE NACIONAL DA SERRA GERAL,Serra Geral National Park
0000.00.0154,72.7263955892488,0,1451,PARQUE NACIONAL DA TIJUCA,Tijuca Forest
0000.00.0155,11.123363197794625,0,1451,PARQUE NACIONAL DAS EMAS,Emas National Park
0000.00.0156,3.2053756030323917,0,1451,PARQUE NACIONAL DAS NASCENTES DO RIO PARNAIBA,Nascentes do Rio Parnaíba National Park
0000.00.0157,1.824948311509304,0,1451,PARQUE NACIONAL DAS SEMPRE VIVAS,Sempre Vivas National Park
0000.00.0158,8.765678842177808,0,1451,PARQUE NACIONAL DE APARADOS DA SERRA,Aparados da Serra National Park
0000.00.0159,5.931771192281185,0,1451,PARQUE NACIONAL DE BRASÍLIA,Brasília National Park
0000.00.0160,5.421088904203997,0,1451,PARQUE NACIONAL DE CAPARAO,Caparaó National Park
0000.00.0161,3.0516884906960717,0,1451,PARQUE NACIONAL DE ILHA GRANDE,Ilha Grande National Park
0000.00.0162,13.716747070985527,0,1451,PARQUE NACIONAL DE JERICOACOARA,Jericoacoara National Park
0000.00.0163,2.8566505858028948,0,1451,PARQUE NACIONAL DE PACAÁS NOVOS,Pacaás Novos National Park
0000.00.0164,1.4913852515506547,0,1451,PARQUE NACIONAL DE SAINT-HILAIRE/LANGE,Saint-Hilaire/Lange National Park
0000.00.0165,2.5995864920744314,0,1451,PARQUE NACIONAL DE SÃO JOAQUIM,São Joaquim National Park
0000.00.0166,4.962095106822881,0,1451,PARQUE NACIONAL DE SETE CIDADES,Sete Cidades National Park
0000.00.0167,2.8056512749827704,0,1451,PARQUE NACIONAL DE UBAJARA,Ubajara National Park
0000.00.0168,5.81736733287388,0,1451,PARQUE NACIONAL DO ARAGUAIA,Araguaia National Park
0000.00.0169,3.7112336319779464,0,1451,PARQUE NACIONAL DO CABO ORANGE,Cabo Orange National Park
0000.00.0170,2.4610613370089593,0,1451,PARQUE NACIONAL DO CATIMBAU,Catimbau National Park
0000.00.0171,1.6847335140018067,1,1108,PARQUE NACIONAL DO DESCOBRIMENTO,Descobrimento National Park
0000.00.0172,36.79048931771192,0,1451,PARQUE NACIONAL DO IGUAÇU,Iguaçu National Park
0000.00.0173,13.272226050999311,0,1451,PARQUE NACIONAL DO JAÚ,Jaú National Park
0000.00.0174,8.381424706943193,0,1109,PARQUE NACIONAL DO MONTE RORAIMA,Monte Roraima National Park
0000.00.0175,8.751895244658856,0,1451,PARQUE NACIONAL DO PANTANAL MATOGROSSENSE,Pantanal Matogrossense National Park
0000.00.0176,2.1068228807718814,0,1451,PARQUE NACIONAL PAU BRASIL,Pau Brasil National Park
0000.00.0177,6.832529290144728,0,1451,PARQUE NACIONAL DO PICO DA NEBLINA,Pico da Neblina National Park
0000.00.0178,1.813921433494142,0,1451,PARQUE NACIONAL DO SUPERAGUI,Superagüi National Park
0000.00.0179,1.5410062026188835,0,1451,PARQUE NACIONAL VIRUÁ,Viruá National Park
0000.00.0180,262.08545830461753,0,1451,PARQUE NACIONAL DOS LENÇOIS MARANHENSES,Lençóis Maranhenses National Park
0000.00.0181,0.3802622498274672,2,1451,MONUMENTO NATURAL DOS PONTÕES CAPIXABAS,Pontões Capixabas Natural Monument
0000.00.0182,2.180227471566054,0,1143,PARQUE NACIONAL DO MONTE PASCOAL,Monte Pascoal National Park
0000.00.0183,4.820813232253618,0,1451,PARQUE NACIONAL GRANDE SERTÃO VEREDAS,Grande Sertão Veredas National Park
0000.00.0184,10.700206753962783,0,1451,PARQUE NACIONAL DO ITATIAIA,Itatiaia National Park
0000.00.0185,9.200551343900758,0,1451,PARQUE NACIONAL MARINHO DOS ABROLHOS,Abrolhos Marine National Park
0000.00.0186,2.790489317711923,0,1451,PARQUE NACIONAL MAR. DE FERNANDO DE NORONHA,Fernando de Noronha Marine National Park
0000.00.0187,6.758787043418332,0,1451,PARQUE NACIONAL MONTANHAS DO TUMUCUMAQUE,Tumucumaque Mountains National Park
0000.00.0188,1.228118538938663,0,1451,PARQUE NACIONAL DA SERRA DA CUTIA,Serra da Cutia National Park
0000.00.0189,1.7401791867677463,0,1451,PARQUE NACIONAL SERRA DA MOCIDADE,Serra da Mocidade National Park
0000.00.0190,2.7732598208132324,0,1451,REFUGIO DE VIDA SILVESTRE ILHA DOS LOBOS,Ilha dos Lobos
0000.00.0191,1.3900758097863541,0,1451,RESERVA BIOLÓGICA AUGUSTO RUSCHI,Augusto Ruschi Biological Reserve
0000.00.0192,0.6017857142857143,1,1121,RESERVA BIOLÓGICA DA CONTAGEM,Contagem Biological Reserve
0000.00.0193,0.6226415094339622,0,848,RESERVA BIOLÓGICA DA MATA ESCURA,Mata Escura Biological Reserve
0000.00.0194,1.5286009648518264,0,1451,RESERVA BIOLÓGICA DO ABUFARI,Abufari Biological Reserve
0000.00.0195,0.7386206896551725,1,1451,RESERVA BIOLÓGICA DE COMBOIOS,Comboios Biological Reserve
0000.00.0196,0.6303448275862069,1,1451,RESERVA BIOLÓGICA GUARIBAS,Guaribas Biological Reserve
0000.00.0197,1.1379310344827587,1,1451,RESERVA BIOLOGICA DE PEDRA TALHADA,Pedra Talhada Biological Reserve
0000.00.0198,0.7910344827586206,1,1451,RESERVA BIOLÓGICA DE SALTINHO,Saltinho Biological Reserve
0000.00.0199,0.7374224672639559,0,1451,RESERVA BIOLÓGICA DE SANTA ISABEL,Santa Isabel Biological Reserve
0000.00.0200,0.844934527911785,0,1451,RESERVA BIOLÓGICA DE SERRA NEGRA,Serra Negra Biological Reserve
0000.00.0201,1.5975189524465885,0,1451,RESERVA BIOLÓGICA DE SOORETAMA,Sooretama
0000.00.0202,1.3501033769813922,0,1451,RESERVA BIOLÓGICA DE UNA,Una Biological Reserve
0000.00.0203,2.4934527911784974,0,1451,RESERVA BIOLÓGICA ATOL DAS ROCAS,Atol das Rocas Biological Reserve
0000.00.0204,0.6719503790489317,0,1451,RESERVA BIOLÓGICA DO CÓRREGO DO VEADO,Córrego do Veado Biological Reserve
0000.00.0205,0.7146795313576844,0,1451,RESERVA BIOLÓGICA DO CÓRREGO GRANDE,Córrego Grande Biological Reserve
0000.00.0206,1.1124137931034483,1,1451,RESERVA BIOLÓGICA DO GUAPORÉ,Guaporé Biological Reserve
0000.00.0207,1.1957270847691248,0,1451,RESERVA BIOLÓGICA DO GURUPI,Gurupi Biological Reserve
0000.00.0208,0.8911095796002757,0,1451,RESERVA BIOLÓGICA DO JARU,Jaru Biological Reserve
0000.00.0209,0.8110344827586207,1,1451,RESERVA BIOLÓGICA DO LAGO PIRATUBA,Lago Piratuba Biological Reserve
0000.00.0210,0.9441764300482426,0,1451,RESERVA BIOLÓGICA DO RIO TROMBETAS,Rio Trombetas Biological Reserve
0000.00.0211,0.7126119917298415,0,1451,RESERVA BIOLÓGICA DO TAPIRAPÉ,Tapirapé Biological Reserve
0000.00.0212,2.188146106133701,0,1451,RESERVA BIOLÓGICA DO TINGUÁ,Tinguá Biological Reserve
0000.00.0213,1.724328049620951,0,1451,RESERVA BIOLÓGICA DO UATUMÃ,Uatumã Biological Reserve
0000.00.0214,0.7732598208132323,0,1451,RESERVA BIOLÓGICA MARINHA DO ARVOREDO,Arvoredo Marine Biological Reserve
0000.00.0215,4.661612680909718,0,1451,RESERVA BIOLÓGICA DE POÇO DAS ANTAS,Poço das Antas Biological Reserve
0000.00.0216,1.0928571428571427,0,1120,RESERVA BIOLÓGICA NASCENTES SERRA DO CACHIMBO,Nascentes da Serra do Cachimbo Biological Reserve
0000.00.0217,1.500441306266549,0,1133,RESERVA BIOLÓGICA UNIÃO,União Biological Reserve
0000.00.0220,0.6193415637860082,1,973,RESERVA EXTRATIVISTA AUATÍ-PARANÁ,Auatí-Paraná Extractive Reserve
0000.00.0222,2.9424460431654675,0,1112,RESERVA EXTRATIVISTA CHICO MENDES,Chico Mendes Extractive Reserve
0000.00.0223,0.3359683794466403,0,1012,RESERVA EXTRATIVISTA CHOCOARÉ-MATO GROSSO,Chocoaré - Mato Grosso Extractive Reserve
0000.00.0225,0.3435643564356436,1,1011,RESERVA EXTRATIVISTA MARINHA DO DELTA DO PARNAIBA,Delta do Parnaíba Marine Extractive Reserve
0000.00.0227,1.3829990448901623,0,1047,RESERVA EXTRATIVISTA MARACANÃ,Maracanã Marine Extractive Reserve
0000.00.0228,0.34516765285996054,0,1014,RESERVA EXTRATIVISTA SÃO JOÃO DA PONTA,São João da Ponta Extractive Reserve
0000.00.0230,0.6244855967078189,0,972,RESERVA EXTRATIVISTA BAIXO JURUÁ,Baixo Juruá Extractive Reserve
0000.00.0231,0.47128712871287126,1,1011,RESERVA EXTRATIVISTA DO BATOQUE,Batoque Extractive Reserve
0000.00.0232,5.502727272727273,0,1100,RESERVA EXTRATIVISTA DO CAZUMBÁ-IRACEMA,Cazumbá-Iracema Extractive Reserve
0000.00.0233,0.5475024485798237,0,1021,RESERVA EXTRATIVISTA LAGO DO CUNIÃ,Lago do Cuniã Extractive Reserve
0000.00.0234,0.5333333333333333,0,1005,RESERVA EXTRATIVISTA MANDIRA,Mandira Extractive Reserve
0000.00.0235,1.1819836214740673,1,1100,RESERVA EXTRATIVISTA MÉDIO JURUÁ,Médio Juruá Extractive Reserve
0000.00.0238,0.5500495540138751,0,1009,RESERVA EXTRATIVISTA DO RIO CAUTÁRIO,Rio Cautário Federal Extractive Reserve
0000.00.0239,0.45940390544707094,0,973,RESERVA EXTRATIVISTA DO RIO JUTAÍ,Rio Jutaí Extractive Reserve
0000.00.0240,0.94921875,0,1024,RESERVA EXTRATIVISTA EXTREMO NORTE DO TOCANTINS,Extremo Norte do Tocantins Extractive Reserve
0000.00.0242,0.4208984375,2,1026,RESERVA EXTRATIVISTA DO LAGO DO CAPANÃ GRANDE,Lago do Capanã Grande Extractive Reserve
0000.00.0243,0.7341897233201581,1,1013,RESERVA EXTRATIVISTA MAE GRANDE DE CURUÇA,Mãe Grande de Curuçá Extractive Reserve
0000.00.0244,0.631336405529954,1,1086,RESERVA EXTRATIVISTA MAPUÁ,Mapuá Extractive Reserve
0000.00.0245,0.5461393596986818,0,1062,RESERVA EXTRATIVISTA MARINHA DA BAIA DE IGUAPÉ,Baía do Iguape Marine Extractive Reserve
0000.00.0246,0.34520276953511375,1,1012,RESERVA EXTRATIVISTA MARINHA DA LAGOA DO JEQUIÁ,Lagoa do Jequiá Marine Extractive Reserve
0000.00.0247,0.3435643564356436,2,1012,RESERVA EXTRATIVISTA MARINHA ARAI-PEROBA,Araí-Peroba Marine Extractive Reserve
0000.00.0248,0.8733926805143423,1,1012,RESERVA EXTRATIVISTA MARINHA CAETÉTAPERAÇU,Caeté-Taperaçu Marine Extractive Reserve
0000.00.0249,0.533135509396637,1,1012,RESERVA EXTRATIVISTA MARINHA DE GURUPI-PIRIÁ,Gurupi-Piriá Marine Extractive Reserve
0000.00.0250,0.4095409540954095,1,1112,RESERVA EXTRATIVISTA MARINHA TRACUATEUA,Tracuateua Marine Extractive Reserve
0000.00.0251,2.0712166172106823,0,1011,RESERVA EXTRATIVISTA MARINHA ARRAIAL DO CABO,Arraial do Cabo Marine Extractive Reserve
0000.00.0252,1.0207207207207207,0,1110,RESERVA EXTRATIVISTA CORUMBAU,Corumbau Marine Extractive Reserve
0000.00.0253,0.5064420218037661,1,1010,RESERVA EXTRATIVISTA DE CANAVIEIRAS,Canavieiras Extractive Reserve
0000.00.0254,0.6191352345906164,0,1087,RESERVA EXTRATIVISTA MARINHA DE SOURE,Soure Marine Extractive Reserve
0000.00.0255,1.3048561151079137,0,1112,RESERVA EXTRATIVISTA MARINHA PIRAJUBAÉ,Pirajubaé Marine Extractive Reserve
0000.00.0256,0.4696394686907021,1,1055,RESERVA EXTRATIVISTA RIO OURO PRETO,Rio Ouro Preto Extractive Reserve
0000.00.0259,1.063303659742829,0,1011,RESERVA EXTRATIVISTA TAPAJÓS ARAPIUNS,Tapajós-Arapiuns Extractive Reserve
0000.00.0260,0.6330027051397655,1,1110,RESERVA EXTRATIVISTA VERDE PARA SEMPRE,Verde para Sempre Extractive Reserve
0000.00.0261,0.6582397003745318,0,1068,ESTAÇÃO ECOLÓGICA DE MATA PRETA,Mata Preta Ecological Station
0000.00.0262,1.815988973121985,0,1451,PARQUE NACIONAL DAS ARAUCÁRIAS,Araucárias National Park
0000.00.0263,0.8431174089068826,1,989,ESTAÇÃO ECOLÓGICA DA GUANABARA,Guanabara Ecological Station
0000.00.0264,1.5446428571428572,0,1120,PARQUE NACIONAL DO RIO NOVO,Rio Novo National Park
0000.00.0265,0.6108156028368794,0,1128,FLORESTA NACIONAL DO TRAIRÃO,Trairão National Forest
0000.00.0266,1.1612903225806452,1,1117,FLORESTA NACIONAL DO JAMANXIM,Jamanxim National Forest
0000.00.0267,1.7198581560283688,0,1128,PARQUE NACIONAL DO JAMANXIM,Jamanxim National Park
0000.00.0268,0.6976744186046512,0,860,ÁREA DE PROTEÇÃO AMBIENTAL DO TAPAJÓS,Tapajós Environmental Protection Area
0000.00.0270,0.7549591598599766,0,857,FLORESTA NACIONAL DO CREPORI,Crepori National Forest
0000.00.0271,0.767921146953405,1,1117,FLORESTA NACIONAL DO AMANÁ,Amaná National Forest
0000.00.0272,5.403170227429359,0,1451,PARQUE NACIONAL DA CHAPADA DAS MESAS,Chapada das Mesas National Park
0000.00.0274,0.9140401146131805,0,1047,RESERVA EXTRATIVISTA ALTO TARAUACÁ,Alto Tarauacá Extractive Reserve
0000.00.0275,0.6547208821502413,0,1451,RESERVA BIOLÓGICA DAS PEROBAS,Perobas Biological Reserve
0000.00.0276,0.44991364421416236,0,1158,RESERVA BIOLÓGICA DAS ARAUCÁRIAS,Araucárias Biological Reserve
0000.00.0277,3.085458304617505,0,1451,PARQUE NACIONAL DOS CAMPOS GERAIS,Campos Gerais National Park
0000.00.0281,3.7456926257753276,0,1451,PARQUE NACIONAL DO JURUENA,Juruena National Park
0000.00.0282,0.46366145354185834,0,1087,RESERVA EXTRATIVISTA TERRA GRANDE PRACUUBA,Terra Grande-Pracuúba Extractive Reserve
0000.00.0283,0.7472745292368682,1,1010,RESERVA EXTRATIVISTA DO RIO UNINI,Rio Unini Extractive Reserve
0000.00.0284,2.629829290206649,0,1113,PARQUE NACIONAL DOS CAMPOS AMAZÔNICOS,Campos Amazônicos National Park
0000.00.0285,0.5759368836291914,1,1015,RESERVA EXTRATIVISTA ARAPIXI,Arapixi Extractive Reserve
0000.00.1078,0.35990338164251207,1,829,RESERVA PARTICULAR DO PATRIMÔNIO NATURAL RESERVA RIO DAS FURNAS,Rio das Furnas Private Natural Heritage Reserve
0000.00.1102,0.31089459698848537,0,1129,RESERVA PARTICULAR DO PATRIMÔNIO NATURAL RIO DAS LONTRAS,Rio das Lontras Private Natural Heritage Reserve
0000.00.1137,0.5700354609929078,1,1129,RESERVA PARTICULAR DO PATRIMÔNIO NATURAL MATA ESTRELA,Mata da Estrela Private Natural Heritage Reserve
0000.00.1197,0.37604166666666666,0,960,RESERVA PARTICULAR DO PATRIMÔNIO NATURAL CANTIDIANO VALGUEIRO DE CARVALHO BARROS,Cantidiano Valqueiro Barros Private Natural Heritage Reserve
0000.00.1203,0.45255474452554745,1,960,RESERVA PARTICULAR DO PATRIMÔNIO NATURAL RESERVA ECOLÓGICA MAURÍCIO DANTAS,Maurício Dantas Private Natural Heritage Ecological Reserve
0000.00.1206,0.484070796460177,0,1130,RESERVA PARTICULAR DO PATRIMÔNIO NATURAL ENGENHO GARGAÚ,Engenho Gargaú Private Natural Heritage Reserve
0000.00.1211,0.2898550724637681,1,829,RESERVA PARTICULAR DO PATRIMÔNIO NATURAL FAZENDA PACATUBA,Fazenda Pacatuba Private Natural Heritage Reserve
0000.00.1254,0.9806678383128296,0,1138,RESERVA PARTICULAR DO PATRIMÔNIO NATURAL FELICIANO MIGUEL ABDALA,Feliciano Miguel Abdala Private Natural Heritage Reserve
0000.00.1267,0.6352657004830918,0,828,RESERVA PARTICULAR DO PATRIMÔNIO NATURAL ESTAÇÃO BIOLÓGICA DA MATA DO SOSSEGO,Sossego Forest Biological Station
0000.00.1376,1.1178033658104518,0,1129,RESERVA PARTICULAR DO PATRIMÔNIO NATURAL RESERVA SERRA DAS ALMAS,Serra das Almas Private Natural Heritage Reserve
0000.00.1517,0.8261665141811528,1,1094,RESERVA EXTRATIVISTA ALTO JURUÁ,Alto Juruá Extractive Reserve
0000.00.1518,0.9686520376175548,0,957,RESERVA EXTRATIVISTA RIO CAJARI,Rio Cajari Extractive Reserve
0000.00.1521,0.9143145161290323,0,992,ÁREA DE PROTEÇÃO AMBIENTAL BACIA DO PARAÍBA DO SUL,Mananciais do Rio Paraíba do Sul Environmental Protection Area
0000.00.1563,0.9216216216216216,0,1110,RESERVA EXTRATIVISTA ACAú-GOIANA,Acaú-Goiana Extractive Reserve
0000.00.1564,0.2490234375,0,1024,RESERVA EXTRATIVISTA CHAPADA LIMPA,Chapada Limpa Extractive Reserve
0000.00.1606,0.6078431372549019,1,1021,RESERVA EXTRATIVISTA DO MéDIO PURúS,Médio Purus Extractive Reserve
0000.00.1612,0.6974865350089766,0,1114,FLORESTA NACIONAL DO IQUIRI,Iquiri National Forest
0000.00.1626,1.447935368043088,0,1114,PARQUE NACIONAL NASCENTES DO LAGO JARI,Nascentes do Lago Jari National Park
0000.00.1628,0.8282926829268292,0,1025,RESERVA EXTRATIVISTA ITUXí,Ituxi Extractive Reserve
0000.00.1633,2.5417789757412397,0,1113,PARQUE NACIONAL MAPINGUARI,Mapinguari National Park
0000.00.1808,1.1189387008234217,0,1093,RESERVA EXTRATIVISTA DE CASSURUBá,Cassurubá Extractive Reserve
0000.00.1809,0.863905325443787,0,1014,RESERVA EXTRATIVISTA PRAINHA DO CANTO VERDE,Prainha do Canto Verde Extractive Reserve
0000.00.1812,1.6927175843694493,0,1126,MONUMENTO NATURAL DO RIO SãO FRANCISCO,Rio São Francisco Natural Monument
0000.00.1813,0.5969072164948453,1,971,REFúGIO DE VIDA SILVESTRE DO RIO DOS FRADES,Rio dos Frades Wildlife Refuge
0000.00.1880,0.7257731958762886,1,971,REFúGIO DE VIDA SILVESTRE DE UNA,Una Wildlife Refuge
0000.00.1907,0.45257731958762887,1,971,REFÚGIO DE VIDA SILVESTRE DE BOA NOVA,Boa Nova Wildlife Refuge
0000.00.1908,1.5515370705244123,0,1106,PARQUE NACIONAL DE BOA NOVA,Boa Nova National Park
0000.00.1909,1.3179765130984644,0,1107,PARQUE NACIONAL DA SERRA DAS LONTRAS,Serra das Lontras National Park
0000.00.1910,2.12579185520362,1,1106,PARQUE NACIONAL DO ALTO CARIRI,Alto Cariri National Park
0000.00.1911,0.47167868177136973,0,971,REFÚGIO DE VIDA SILVESTRE DE SANTA CRUZ,Santa Cruz Wildlife Refuge
0000.00.1912,0.5973084886128365,0,966,ÁREA DE PROTEÇÃO AMBIENTAL COSTA DAS ALGAS,Costa das Algas Environmental Protection Area
0000.00.2075,0.8715919085312225,1,1138,RESERVA PARTICULAR DO PATRIMÔNIO NATURAL BURACO DAS ARARAS,Buraco das Araras Private Natural Heritage Reserve
0000.00.2093,0.5620689655172414,1,1451,RESERVA PARTICULAR DO PATRIMÔNIO NATURAL DA UNISC,Santa Cruz do Sul University Private Natural Heritage Reserve
0000.00.2311,0.8012684989429175,1,947,RESERVA PARTICULAR DO PATRIMÔNIO NATURAL RESERVA ECOLÓGICA SEBUÍ,Sebuí Private Natural Heritage Reserve
0000.00.2633,1.992419021364576,0,1451,PARQUE NACIONAL DA FURNA FEIA,Furna Feia National Park
0000.00.2634,0.6898106402164111,1,1110,RESERVA BIOLÓGICA BOM JESUS,Bom Jesus Biological Reserve
0000.00.2874,1.4287020109689215,0,1094,PARQUE NACIONAL MARINHO DAS ILHAS DOS CURRAIS,Ilhas dos Currais Marine National Park
0000.00.3131,0.7845057880676759,2,1125,ESTAçãO ECOLóGICA ALTO MAUéS,Alto Maués Ecological Station
0000.00.3132,0.5360315893385982,1,1014,RESERVA EXTRATIVISTA MARINHA MOCAPAJUBA,Mocapajuba Marine Extractive Reserve
0000.00.3133,0.49752720079129575,2,1013,RESERVA EXTRATIVISTA MARINHA MESTRE LUCINDO,Mestre Lucindo Marine Extractive Reserve
0000.00.3134,0.42136498516320475,2,1013,RESERVA EXTRATIVISTA MARINHA CUINARANA,Cuinarana Marine Extractive Reserve
0000.00.3135,0.5118181818181818,0,1100,RESERVA DE DESENVOLVIMENTO SUSTENTáVEL NASCENTES GERAIZEIRAS,Nascentes Geraizeiras Sustainable Development Reserve
0000.00.3136,3.591485507246377,0,1104,PARQUE NACIONAL DA SERRA DO GANDARELA,Serra do Gandarela National Park
0000.00.3137,1.9090909090909092,0,1100,PARQUE NACIONAL GUARICANA,Guaricana National Park
0000.00.3407,0.6515426497277677,1,1103,ÁREA DE PROTEÇÃO AMBIENTAL DOS CAMPOS DE MANICORÉ,Campos de Manicoré Environmental Protection Area
0000.00.3408,0.8194444444444444,0,1080,FLORESTA NACIONAL DE URUPADI,Urupadi National Forest
0000.00.3409,0.6939146230699365,0,1101,FLORESTA NACIONAL DO ARIPUANÃ,Aripuanã National Forest
0000.00.3410,3.0344202898550723,0,1104,PARQUE NACIONAL DO ACARI,Acari National Park
0000.00.3411,0.59763851044505,1,1102,RESERVA BIOLÓGICA DO MANICORÉ,Manicoré Biological Reserve
0000.11.0751,0.3385365853658537,0,1025,RESERVA EXTRATIVISTA MASSARANDUBA,Massaranduba Extractive Reserve
0000.11.0754,0.7761485826001955,1,1024,RESERVA EXTRATIVISTA AQUARIQUARA,Aquariquara Extractive Reserve
0000.11.0756,0.4192966636609558,0,1109,RESERVA EXTRATIVISTA SERINGUEIRA,Seringueira Extractive Reserve
0000.11.0758,1.1108930323846908,0,1019,"FLORESTA ESTADUAL DE RENDIMENTO SUSTENTADO DO RIO MADEIRA ""B""",Rio Madeira Sustainable Yield Forest
0000.11.0760,0.32142857142857145,1,981,FLORESTA ESTADUAL DE RENDIMENTO SUSTENTADO TUCANO,Tucano State Forest
0000.11.0764,0.741166077738516,0,1132,ESTAÇÃO ECOLÓGICA SAMUEL,Samuel Ecological Station
0000.11.0765,0.795260663507109,0,1055,PARQUE ESTADUAL DE GUAJARÁ-MIRIM,Guajará-Mirim State Park
0000.11.0767,0.5028462998102466,1,1055,RESERVA BIOLÓGICA RIO OURO PRETO,Rio Ouro Preto Biological Reserve
0000.11.0768,0.9341050756901158,0,1123,ESTAÇÃO ECOLÓGICA SERRA DOS TRÊS IRMÃOS,Serra dos Três Irmãos Ecological Station
0000.11.0770,0.4027027027027027,1,1111,RESERVA BIOLÓGICA TRAÇADAL,Traçadal Biological Reserve
0000.11.0774,0.5791984732824428,0,1048,PARQUE ESTADUAL SERRA DOS REIS,Serra dos Reis State Park
0000.11.0775,0.4103072348860258,0,1009,RESERVA EXTRATIVISTA RIO CAUTÁRIO,Rio Cautário State Extractive Reserve
0000.11.0776,0.6203319502074689,0,964,RESERVA EXTRATIVISTA JACI-PARANÁ,Jaci Paraná Extractive Reserve
0000.11.1495,0.4620976116303219,0,963,PARQUE ESTADUAL DE CORUMBIARA,Corumbiara State Park
0000.12.0939,0.9781420765027322,0,1098,PARQUE ESTADUAL CHANDLESS,Chandless State Park
0000.12.2041,0.5964912280701754,2,1085,FLORESTA ESTADUDAL DO RIO LIBERDADE,Rio Liberdade State Forest
0000.12.2044,0.43951985226223456,2,1085,FLORESTA ESTADUAL DO RIO GREGóRIO,Rio Gregório State Forest
0000.12.2046,0.5078341013824885,0,1085,FLORESTA ESTADUAL DO MOGNO,Mogno State Forest
0000.12.2048,0.7961254612546126,0,1084,FLORESTA ESTADUAL DO ANTIMARY,Antimary State Forest
0000.13.0981,2.4325744308231174,0,1142,RESERVA DE DESENVOLVIMENTO SUSTENTÁVEL AMANÃ,Amanã Sustainable Development Reserve
0000.13.0982,0.37966417910447764,2,1074,RESERVA DE DESENVOLVIMENTO SUSTENTÁVEL ARIPUANÃ,Aripuanã Sustainable Development Reserve
0000.13.0983,0.5402650356778798,0,981,RESERVA DE DESENVOLVIMENTO SUSTENTÁVEL BARARATI,Bararati Sustainable Development Reserve
0000.13.0985,0.5788479697828139,2,1061,RESERVA DE DESENVOLVIMENTO SUSTENTÁVEL CUJUBIM,Cujubim Sustainable Development Reserve
0000.13.0986,7.484493452791178,0,1451,RESERVA DE DESENVOLVIMENTO SUSTENTÁVEL MAMIRAUÁ,Mamirauá Sustainable Development Reserve
0000.13.0987,0.7640232108317214,1,1035,RESERVA DE DESENVOLVIMENTO SUSTENTÁVEL PIAGAÇU PURUS,Piagaçu-Purus Sustainable Development Reserve
0000.13.0988,0.43052837573385516,0,1022,RESERVA DE DESENVOLVIMENTO SUSTENTÁVEL RIO AMAPÁ,Rio Amapá Sustainable Development Reserve
0000.13.0989,0.5825147347740668,0,1018,RESERVA DE DESENVOLVIMENTO SUSTENTÁVEL UACARÍ,Uacari Sustainable Development Reserve
0000.13.0990,0.6481132075471698,1,1061,RESERVA DE DESENVOLVIMENTO SUSTENTÁVEL DO UATUMÃ,Uatumã Sustainable Development Reserve
0000.13.0991,0.7629268292682927,0,1025,RESERVA EXTRATIVISTA CATUÁ-IPIXUNA,Catuá-Ipixuna Extractive Reserve
0000.13.0992,0.667608286252354,0,1062,RESERVA EXTRATIVISTA DO GUARIBA,Guariba Extractive Reserve
0000.13.0993,0.728952772073922,0,974,ÁREA DE PROTEÇÃO AMBIENTAL DE PRESIDENTE FIGUEIREDO - CAVERNA DO MOROAGA,Caverna do Maroaga Environmental Protection Area
0000.13.0994,0.8256880733944955,0,1090,ÁREA DE PROTEÇÃO AMBIENTAL MARGEM DIREITA DO RIO NEGRO- SETOR PADUARI-SOLIMÕES,Rio Negro Right Bank Environmental Protection Area
0000.13.0995,0.9190432382704692,1,1088,ÁREA DE PROTEÇÃO AMBIENTAL MARGEM ESQUERDA DO RIO NEGRO-SETOR TARUMÃ AÇU-TARUMÃ MIRIMA,Rio Negro Left Bank Environmental Protection Area
0000.13.0996,0.9190432382704692,1,1088,ÁREA DE PROTEÇÃO AMBIENTAL MARGEM ESQUERDA DO RIO NEGRO-SETOR ATURIÁ-APUAUZINHO,Rio Negro Left Bank Environmental Protection Area
0000.13.0998,0.3989795918367347,1,981,FLORESTA ESTADUAL APUÍ,Apuí State Forest
0000.13.0999,0.4039179104477612,1,1073,FLORESTA ESTADUAL ARIPUANÃ,Aripuanã State Forest
0000.13.1000,0.8556797020484171,0,1074,FLORESTA ESTADUAL MANICORÉ,Manicoré State Forest
0000.13.1001,0.5925581395348837,0,1075,FLORESTA ESTADUAL SUCUNDURI,Sucunduri State Forest
0000.13.1002,0.6078028747433265,0,974,FLORESTA ESTADUAL RIO URUBU,Rio Urubu State Forest
0000.13.1003,0.5233644859813084,2,965,FLORESTA ESTADUAL MAÚES,Maués State Forest
0000.13.1004,0.5941619585687382,1,1063,PARQUE ESTADUAL GUARIBA,Guariba State Park
0000.13.1006,0.9560439560439561,0,1092,PARQUE ESTADUAL RIO NEGRO SETOR SUL,Rio Negro State Park South Section
0000.13.1007,0.766269477543538,0,1091,PARQUE ESTADUAL RIO NEGRO SETOR NORTE,Rio Negro State Park North Section
0000.13.1008,1.272644098810613,0,1093,PARQUE ESTADUAL SERRA DO ARACÁ,Serra do Aracá State Park
0000.13.1009,0.7741635687732342,0,1076,PARQUE ESTADUAL SUCUNDURI,Sucunduri State Park
0000.13.1010,1.9550045913682277,0,1089,PARQUE ESTADUAL SUMAÚMA,Sumaúma State Park
0000.13.1011,2.7107438016528924,0,847,RESERVA BIOLÓGICA MORRO DOS SEIS LAGOS,Morro dos Seis Lagos Biological Reserve
0000.13.1506,0.6056475170399221,0,1027,RESERVA EXTRATIVISTA DO RIO GREGÓRIO,Rio Gregório Extractive Reserve
0000.13.1573,2.077202543142598,0,1101,RESERVA DE DESENVOLVIMENTO SUSTENTÁVEL DO JUMA,Juma Sustainable Development Reserve
0000.13.1730,0.6317722681359045,0,1089,RESERVA DE DESENVOLVIMENTO SUSTENTÁVEL DO RIO NEGRO,Rio Negro Sustainable Development Reserve
0000.13.1731,0.38454011741682975,0,1022,FLORESTA ESTADUAL DE TAPAUÁ,Tapauá State Forest
0000.13.1732,0.4344422700587084,0,1022,RESERVA DE DESENVOLVIMENTO SUSTENTÁVEL IGAPÓ-AÇU,Igapó-Açu Sustainable Development Reserve
0000.13.1733,0.5342465753424658,0,1022,RESERVA EXTRATIVISTA CANUTAMA,Canutama Extractive Reserve
0000.13.1735,0.3659491193737769,1,1023,RESERVA DE DESENVOLVIMENTO SUSTENTÁVEL DO MATUPIRI,Matupiri Sustainable Development Reserve
0000.13.1736,0.9129158512720157,1,1023,PARQUE ESTADUAL DO MATUPIRI,Matupiri State Park
0000.13.1737,0.3829578844270323,1,1022,FLORESTA ESTADUAL CANUTAMA,Canutama State Forest
0000.13.1977,0.895405669599218,0,1023,RESERVA DE DESENVOLVIMENTO SUSTENTAVEL DO RIO MADEIRA,Rio Madeira Sustainable Development Reserve
0000.13.3182,0.44659300184162065,1,1087,RESERVA DE DESENVOLVIMENTO SUSTENTAVEL PURANGA CONQUISTA,Puranga Conquista Sustainable Development Reserve
0000.15.1021,0.6251366120218579,0,915,PARQUE ESTADUAL DA SERRA DOS MARTÍRIOS/ANDORINHAS,Serra dos Martírios/Andorinhas State Park
0000.15.1022,1.7834051724137931,0,928,PARQUE ESTADUAL DO UTINGA,Utinga State Park
0000.15.1023,1.1637534498620055,1,1088,ÁREA DE PROTEÇÃO AMBIENTAL DO ARQUIPÉLAGO DO MARAJÓ,Marajó Archipelago Environmental Protection Area
0000.15.1024,0.8534883720930233,0,860,ÁREA DE PROTEÇÃO AMBIENTAL DE ALGODOAL-MAIANDEUA,Algodoal-Maiandeua Environmental Protection Area
0000.15.1026,0.7703016241299304,0,862,ÁREA DE PROTEÇÃO AMBIENTAL DE SÃO GERALDO DO ARAGUAIA,São Geraldo do Araguaia Environmental Protection Area
0000.15.1032,0.8847826086956522,0,920,PARQUE ESTADUAL DE MONTE ALEGRE,Monte Alegre State Park
0000.15.1033,1.1994704324801413,0,1133,RESERVA BIOLÓGICA DE MAICURU,Maicuru Biological Reserve
0000.15.1034,1.3788546255506609,0,1135,ESTAÇÃO ECOLÓGICA DO GRÃO PARÁ,Grão-Pará Ecological Station
0000.15.1037,0.5968534906588004,0,1017,FLORESTA ESTADUAL DO TROMBETAS,Trombetas State Forest
0000.15.2042,0.8020257826887661,0,1086,PARQUE ESTADUAL CHARAPUCU,Charapucu State Park
0000.16.0291,0.6617954070981211,0,958,RESERVA BIOLÓGICA DO PARAZINHO,Parazinho Biological Reserve
0000.16.0292,0.6112852664576802,1,958,RESERVA DE DESENVOLVIMENTO SUSTENTáVEL DO RIO IRATAPURU,Rio Iratapuru Sustainable Development Reserve
0000.16.0293,0.49216300940438873,0,957,ÁREA DE PROTEÇÃO AMBIENTAL DO RIO CURIAÚ,Rio Curiaú Environmental Protection Area
0000.16.0885,0.7111111111111111,0,1080,FLORESTA ESTADUAL DO AMAPÁ,Amapá State Forest
0000.16.0886,1.3392484342379958,0,958,ÁREA DE PROTEÇÃO AMBIENTAL DA FAZENDINHA,Fazendinha Environmental Protection Area
0000.17.1486,9.991040661612681,0,1451,PARQUE ESTADUAL DO JALAPãO,Jalapão State Park
0000.17.1487,3.473520249221184,0,963,PARQUE ESTADUAL DO CANTãO,Cantão State Park
0000.17.1488,0.8951382268827455,0,1049,PARQUE ESTADUAL DO LAJEADO,Lajeado State Park
0000.17.1489,0.49517966695880805,0,1141,MONUMENTO NATURAL DAS ÁRVORES FOSSILIZADAS,Tocantins Fossil Trees Natural Monument
0000.17.1493,0.5266821345707656,1,863,ÁREA DE PROTEÇÃO AMBIENTAL LAGO DE SANTA ISABEL,Lago de Santa Isabel Environmental Protection Area
0000.17.1501,0.4787123572170301,0,963,ÁREA DE PROTEÇÃO AMBIENTAL ILHA DO BANANAL/CANTÃO,Ilha do Bananal / Cantão Environmental Protection Area
0000.21.1882,0.8365019011406845,0,1052,PARQUE ESTADUAL DO BACANGA,Bacanga State Park
0000.21.1886,1.3691722169362512,1,1052,PARQUE ESTADUAL MARINHO DO PARCEL DE MANUEL LUíS,Parcel de Manuel Luís Marine State Park
0000.21.1887,1.199456029011786,0,1103,ÁREA DE PROTEçãO AMBIENTAL DA BAIXADA MARANHENSE,Baixada Maranhense Environmental Protection Area
0000.21.1888,0.8642691415313225,0,862,ÁREA DE PROTEçãO AMBIENTAL DE UPAON-AçU / MIRITIBA / ALTO PREGUIçAS,Upaon-Açu/Miritiba/Alto Preguiças Environmental Protection Area
0000.21.1891,0.8805309734513275,0,1130,ESTAçãO ECOLóGICA DO SíTIO RANGEDOR,Sítio Rangedor State Park
0000.21.1963,0.6774500475737393,0,1051,PARQUE ESTADUAL DE MIRADOR,Mirador State Park
0000.23.0947,1.402139037433155,0,935,PARQUE ESTADUAL MARINHO DA PEDRA DA RISCA DO MEIO,Pedra da Risca do Meio Marine State Park
0000.23.0960,0.8712255772646537,0,1126,MONUMENTO NATURAL MONÓLITOS DE QUIXADÁ,Quixadá Monoliths Natural Monument
0000.23.0961,0.7738825591586328,0,1141,MONUMENTO NATURAL DAS FALÉSIAS DE BEBERIBE,Beberibe Cliffs Natural Monument
0000.23.0963,3.7539627842866987,0,1451,PARQUE ESTADUAL DO COCÓ,Cocó Park
0000.24.1475,2.549276361130255,0,1451,"PARQUE ESTADUAL DUNAS DE NATAL "" JORNALISTA LUIZ MARIA ALVES",Natal Dunes State Park
0000.25.0483,0.9375,1,913,PARQUE ESTADUAL DA PEDRA DA BOCA,Pedra da Boca State Park
0000.25.0484,0.7508379888268156,0,895,PARQUE ESTADUAL MARINHO DE AREIA VERMELHA,Areia Vermelha Marine State Park
0000.25.0904,3.160352422907489,0,1135,MONUMENTO NATURAL VALE DOS DINOSSAUROS,"Valley of the Dinosaurs, Paraíba"
0000.25.2309,1.2939217318900915,1,1202,ÁREA DE PROTEÇÃO AMBIENTAL RONCADOR,IBGE Ecological Reserve
0000.25.2331,0.7137745974955277,1,1119,ESTAçãO ECOLóGICA DO PAU BRASIL,Pau-Brasil Ecological Station (Paraíba)
0000.25.2336,0.7497194163860831,0,891,PARQUE ESTADUAL PICO DO JABRE,Pico do Jabre State Park
0000.26.0966,1.332184700206754,0,1451,PARQUE ESTADUAL DE DOIS IRMÃOS,Zoo Botanical Park Dois Irmãos
0000.29.0294,0.43491735537190085,1,969,ESTAÇÃO ECOLÓGICA ESTADUAL WENCESLAU GUIMARÃES,Wenceslau Guimarães Ecological Station
0000.29.0296,1.2485811577752555,0,881,PARQUE ESTADUAL DO MORRO DO CHAPÉU,Morro do Chapéu State Park
0000.29.0297,0.3599114064230343,1,904,PARQUE ESTADUAL DAS SETE PASSAGENS,Sete Passagens State Park
0000.29.0301,0.556935817805383,2,968,ÁREA DE PROTEÇÃO AMBIENTAL CAMINHOS ECOLÓGICOS DA BOA ESPERANÇA,Caminhos Ecológicos da Boa Esperança Environmental Protection Area
0000.29.0312,0.6373056994818653,2,967,ÁREA DE PROTEÇÃO AMBIENTAL LAGOA ENCANTADA,Lagoa Encantada e Rio Almada Environmental Protection Area
0000.29.0322,0.5683003128258602,1,960,ÁREA DE PROTEÇÃO AMBIENTAL SERRA BRANCA / RASO DA CATARINA,Serra Branca / Raso da Catarina Environmental Protection Area
0000.29.0325,0.9710743801652892,0,968,PARQUE ESTADUAL DA SERRA DO CONDURU,Serra do Conduru State Park
0000.29.0328,0.5357512953367876,1,966,ÁREA DE PROTEÇÃO AMBIENTAL BAÍA DE CAMAMU,Baía de Camamu Environmental Protection Area
0000.31.0360,3.3418332184700206,0,1451,MONUMENTO NATURAL ESTADUAL GRUTA REI DO MATO,Gruta Rei do Mato
0000.31.0362,1.1857304643261608,0,883,PARQUE ESTADUAL RIO PRETO,Rio Preto State Park
0000.31.0363,0.8208132322536182,0,1451,ESTAÇÃO ECOLÓGICA MATA DOS AUSENTES,Mata dos Ausentes Ecological Station
0000.31.0368,1.4228260869565217,1,921,PARQUE ESTADUAL DO SUMIDOURO,Sumidouro State Park
0000.31.0387,0.5248868778280543,1,885,PARQUE ESTADUAL GRÃO MOGOL,Grão Mogol State Park
0000.31.0388,1.4019292604501608,0,933,PARQUE ESTADUAL BIRIBIRI,Biribiri State Park
0000.31.0393,0.5254813137032842,1,884,PARQUE ESTADUAL SERRA NEGRA,Serra Negra State Park
0000.31.0394,1.591907514450867,0,865,PARQUE ESTADUAL DO RIO DOCE,Rio Doce State Park
0000.31.0395,0.6792249730893434,0,929,PARQUE ESTADUAL NOVA BADEN,Nova Baden State Park
0000.31.0398,2.0349887133182842,0,886,PARQUE ESTADUAL SERRA DO ROLA MOÇA,Serra do Rola-Moça State Park
0000.31.0402,0.4495967741935484,0,992,ÁREA DE PROTEÇÃO AMBIENTAL FERNÃO DIAS,Fernão Dias Environmental Protection Area
0000.31.0404,0.696604600219058,0,913,PARQUE ESTADUAL PICO DO ITAMBÉ,Pico do Itambé State Park
0000.31.0406,0.9257028112449799,0,996,PARQUE ESTADUAL SERRA DO PAPAGAIO,Serra do Papagaio State Park
0000.31.0415,0.6402481047553411,0,1451,RESERVA BIOLÓGICA JAÍBA,Jaíba Biological Reserve
0000.31.0888,0.9426605504587156,0,872,PARQUE ESTADUAL SERRA NOVA,Serra Nova State Park
0000.31.0890,0.7932584269662921,0,890,PARQUE ESTADUAL DA SERRA DO CABRAL,Serra do Cabral State Park
0000.31.1756,0.5852311939268461,2,1451,ESTAÇÃO ECOLÓGICA DE ACAUÃ,Acauã Ecological Station
0000.31.1776,0.8223981900452488,0,884,PARQUE ESTADUAL CAMINHO DOS GERAIS,Caminho dos Gerais State Park
0000.32.0331,0.562564632885212,0,967,PARQUE ESTADUAL DE ITAÚNAS,Itaúnas State Park
0000.32.0332,0.7249224405377456,1,968,PARQUE ESTADUAL PAULO CÉSAR VINHA,Paulo César Vinha State Park
0000.32.1533,1.0946538124452234,0,1141,MONUMENTO NATURAL O FRADE E A FREIRA,Frade e a Freira Natural Monument
0000.32.1534,0.587203302373581,0,969,PARQUE ESTADUAL DO FORNO GRANDE,Forno Grande State Park
0000.32.1667,0.5325077399380805,0,969,RESERVA BIOLóGICA DE DUAS BOCAS,Duas Bocas Biological Reserve
0000.32.1673,2.2563749138525155,0,1451,PARQUE ESTADUAL DA PEDRA AZUL,Pedra Azul State Park
0000.32.1831,0.9803921568627451,0,969,PARQUE ESTADUAL DA CACHOEIRA DA FUMAçA,Cachoeira da Fumaça State Park
0000.32.1832,0.35470527404343327,0,967,RESERVA ESTADUAL DE DESENVOLVIMENTO SUSTENTÁVEL CONCHA D´OSTRA,Concha D'Ostra Sustainable Development Reserve
0000.32.1833,0.4607438016528926,0,968,PARQUE ESTADUAL DE MATA DAS FLORES,Mata das Flores State Park
0000.32.2319,0.7383660806618407,0,967,MONUMENTO NATURAL ESTADUAL SERRA DAS TORRES,Serra das Torres Natural Monument
0000.33.0723,0.863,1,1001,RESERVA DE DESENVOLVIMENTO SUSTENTÁVEL DO AVENTUREIRO,Aventureiro Sustainable Development Reserve
0000.33.0728,1.0206896551724138,1,1451,RESERVA BIOLÓGICA ESTADUAL DA PRAIA DO SUL,Praia do Sul Biological Reserve
0000.33.0731,0.6693386773547094,1,999,ÁREA DE PROTEÇÃO AMBIENTAL DE TAMOIOS,Tamoios Environmental Protection Area
0000.33.0736,0.5590312815338042,0,991,ÁREA DE PROTEÇÃO AMBIENTAL DA BACIA DO RIO DOS FRADES,Bacia dos Frades Environmental Protection Area
0000.33.0737,0.6805273833671399,1,987,ÁREA DE PROTEÇÃO AMBIENTAL DA BACIA DO RIO MACACU,Bacia do Rio Macacu Environmental Protection Area
0000.33.0738,0.6160896130346232,1,983,ÁREA DE PROTEÇÃO AMBIENTAL DE MACAÉ DE CIMA,Macaé de Cima Environmental Protection Area
0000.33.1476,1.03125,0,864,PARQUE ESTADUAL DA SERRA DA TIRIRICA,Serra da Tiririca State Park
0000.33.1477,2.0719280719280717,0,1001,PARQUE ESTADUAL DA ILHA GRANDE,Ilha Grande State Park
0000.33.1478,5.592134831460674,0,890,PARQUE ESTADUAL DA PEDRA BRANCA,Pedra Branca State Park
0000.33.1479,0.8460674157303371,0,890,PARQUE ESTADUAL DO DESENGANO,Desengano State Park
0000.33.1480,0.5531674208144797,0,884,PARQUE ESTADUAL DA SERRA DA CONCÓRDIA,Serra da Concórdia State Park
0000.33.1482,0.8573397656788422,0,1451,RESERVA BIOLÓGICA ESTADUAL DE GUARATIBA,Guaratiba Biological Reserve
0000.33.1483,0.567847882454624,1,1158,RESERVA BIOLÓGICA DE ARARAS,Araras State Biological Reserve
0000.33.1485,1.8799192734611503,0,991,PARQUE ESTADUAL DOS TRÊS PICOS,Três Picos State Park
0000.33.2722,0.7492447129909365,0,993,PARQUE ESTADUAL DA PEDRA SELADA,Pedra Selada State Park
0000.33.2732,1.3404548587181255,0,1451,PARQUE ESTADUAL DA COSTA DO SOL,Costa do Sol State Park
0000.33.2904,0.7641083521444695,1,887,PARQUE ESTADUAL DO MENDANHA,Mendanha State Park
0000.35.0798,5.789800137835975,0,1451,PARQUE ESTADUAL DA SERRA DO MAR,Serra do Mar State Park
0000.35.0800,1.8604417670682731,1,997,PARQUE ESTADUAL DE CAMPOS DO JORDÃO,Campos do Jordão State Park
0000.35.0801,0.5623556581986143,1,867,PARQUE ESTADUAL DO JURUPARÁ,Jurupará State Park
0000.35.0808,0.5440658049353702,1,852,ESTAÇÃO ECOLÓGICA JATAÍ,Jataí Ecological Station
0000.35.0810,1.5809935205183585,0,926,PARQUE ESTADUAL CARLOS BOTELHO,Carlos Botelho State Park
0000.35.0816,1.5763598326359833,0,956,PARQUE ESTADUAL DO MORRO DO DIABO,Morro do Diabo State Park
0000.35.0817,0.4004237288135593,2,946,ESTAÇÃO ECOLÓGICA CHAÚAS,Chauás Ecological Station
0000.35.0818,0.5551632833186231,2,1135,ESTAÇÃO ECOLÓGICA MATA DO JACARÉ,Mata do Jacaré Ecological Station
0000.35.0820,0.4075924075924076,1,1002,ESTAÇÃO ECOLÓGICA BANANAL,Bananal Ecological Station
0000.35.0823,0.7886363636363637,0,880,PARQUE ESTADUAL DE PORTO FERREIRA,Porto Ferreira State Park
0000.35.0825,0.5230414746543779,0,868,PARQUE ESTADUAL DAS FURNAS DO BOM JESUS,Furnas do Bom Jesus State Park
0000.35.0826,2.093039283252929,0,1451,PARQUE ESTADUAL TURÍSTICO DO ALTO DO RIBEIRA,Alto Ribeira Tourist State Park
0000.35.0831,0.765695067264574,0,892,PARQUE ESTADUAL DO JUQUERY,Juqueri State Park
0000.35.0833,0.9903743315508021,0,935,PARQUE ESTADUAL XIXOVÁ-JAPUÍ,Xixová-Japuí State Park
0000.35.0834,1.9807037457434733,0,881,PARQUE ESTADUAL MARINHO DA LAJE DE SANTOS,Laje de Santos Marine State Park
0000.35.0836,1.4159113796576033,0,993,PARQUE ESTADUAL DOS MANANCIAIS DE CAMPOS DO JORDÃO,Mananciais de Campos do Jordão State Park
0000.35.0841,2.459830866807611,0,946,PARQUE ESTADUAL DA ILHA DO CARDOSO,Ilha do Cardoso State Park
0000.35.0844,4.098591549295775,0,923,PARQUE ESTADUAL DA CANTAREIRA,Cantareira State Park
0000.35.0845,0.7947643979057591,0,955,PARQUE ESTADUAL DO AGUAPEÍ,Aguapeí State Park
0000.35.0853,1.3650963597430408,0,934,PARQUE ESTADUAL DE VASSUNUNGA,Vassununga State Park
0000.35.0854,0.499001996007984,1,1003,PARQUE ESTADUAL DA CAMPINA DO ENCANTADO,Campina do Encantado State Park
0000.35.0855,1.676923076923077,0,910,PARQUE ESTADUAL DE ILHABELA,Ilhabela State Park
0000.35.0856,1.812375249500998,0,1002,PARQUE ESTADUAL DA ILHA ANCHIETA,Ilha Anchieta State Park
0000.35.0857,0.6835294117647058,0,850,ESTAÇÃO ECOLÓGICA DOS CAETETUS,Caetetus Ecological Station
0000.35.0862,1.3402061855670102,0,1067,ESTAÇÃO ECOLÓGICA JURÉIA-ITATINS,Juréia-Itatins Ecological Station
0000.35.0870,0.6589473684210526,0,950,PARQUE ESTADUAL DO RIO PEIXE,Rio do Peixe State Park
0000.35.0911,0.6004319654427646,0,926,ESTAÇÃO ECOLÓGICA DE XITUÉ,Xitué Ecological Station
0000.35.1672,0.509822263797942,0,1069,ESTAÇÃO ECOLÓGICA DO BARREIRO RICO,Barreiro Rico Ecological Station
0000.35.1675,0.8757961783439491,0,942,PARQUE ESTADUAL CAVERNA DO DIABO,Caverna do Diabo State Park
0000.35.1676,2.7680690399137,0,927,PARQUE ESTADUAL INTERVALES,Intervales State Park
0000.35.1677,0.5201877934272301,0,1065,PARQUE ESTADUAL DO ITINGUÇU,Itinguçu State Park
0000.35.1678,0.9361022364217252,0,939,PARQUE ESTADUAL LAGAMAR DE CANANEIA,Lagamar de Cananéia State Park
0000.35.1679,0.43808630393996245,0,1066,PARQUE ESTADUAL DO PRELADO,Prelado State Park
0000.35.1681,0.64037558685446,0,1065,REFÚGIO DE VIDA SILVESTRE DAS ILHAS DO ABRIGO E GUARARITAMA,Ilhas do Abrigo e Guararitama Wildlife Refuge
0000.35.1685,0.5010660980810234,0,938,RESERVA EXTRATIVISTA ILHA DO TUMBA,Ilha do Tumba Extractive Reserve
0000.35.1686,0.720510095642933,0,941,RESERVA EXTRATIVISTA TAQUARI,Taquari Extractive Reserve
0000.35.1687,0.8908748824082785,0,1063,RDS DA BARRA DO UNA,Barra do Una Sustainable Development Reserve
0000.35.1688,0.34328358208955223,0,938,RDS BARREIRO ANHEMAS,Barreiro/Anhemas Sustainable Development Reserve
0000.35.1689,0.30639097744360905,1,1065,RDS DO DESPRAIADO,Despraiado Sustainable Development Reserve
0000.35.1690,0.26091586794462196,1,940,RDS LAVRAS,Lavras Sustainable Development Reserve
0000.35.1691,0.3425827107790822,1,938,RDS DOS PINHEIRINHOS,Pinheirinhos Sustainable Development Reserve
0000.35.1692,0.39658848614072495,0,938,RDS QUILOMBOS DE BARRA DO TURVO,Quilombos de Barra do Turvo Sustainable Development Reserve
0000.35.1693,0.3575240128068303,1,938,RDS ITAPANHAPIMA,Itapanhapima Sustainable Development Reserve
0000.35.1697,0.727854855923159,0,937,APA CAJATI,Cajati Environmental Protection Area
0000.35.1698,0.3997985901309164,2,995,APA CAMPOS DO JORDÃO,Campos do Jordão Environmental Protection Area
0000.35.1702,0.6436903499469777,0,943,APA ILHA COMPRIDA,Ilha Comprida Environmental Protection Area
0000.35.1709,0.2892209178228389,0,937,APA PLANALTO DO TURVO,Planalto do Turvo Environmental Protection Area
0000.35.1710,0.4165781083953241,1,942,APA QUILOMBOS DO MéDIO RIBEIRA,Quilombos do Médio Ribeira Environmental Protection Area
0000.35.1713,0.28556149732620323,1,936,APA RIO PARDINHO E RIO VERMELHO,Rio Pardinho e Rio Vermelho Environmental Protection Area
0000.35.1714,0.40826612903225806,1,993,APA SãO FRANCISCO XAVIER,São Francisco Xavier Environmental Protection Area
0000.35.1715,0.5463709677419355,0,992,APA SAPUCAí MIRIM,Sapucaí Mirim Environmental Protection Area
0000.35.1716,0.6962162162162162,0,925,APA SERRA DO MAR,Serra do Mar Environmental Protection Area
0000.35.1725,0.6435432230522946,0,937,ARIE DO GUARá,Guará Area of Relevant Ecological Interest
0000.35.1964,1.7310734463276836,0,885,PARQUE ESTADUAL RESTINGA DE BERTIOGA,Restinga de Bertioga State Park
0000.35.1968,3.9248793935217092,0,1451,MONUMENTO NATURAL ESTADUAL DA PEDRA DO BAú,Pedra do Baú
0000.35.1969,0.5058448459086079,1,942,PARQUE ESTADUAL DO RIO TURVO,Rio Turvo State Park
0000.35.2559,2.3322510822510822,0,924,PARQUE ESTADUAL ALBERTO LöFGREN,Albert Löfgren State Park
0000.35.2589,0.627842866988284,0,1451,RESERVA BIOLóGICA DE ANDRADINA,Andradina Biological Reserve
0000.35.2701,0.5469483568075117,0,852,ESTAÇÃO ECOLÓGICA DE ITIRAPINA,Itirapina Ecological Station
0000.35.2839,0.4563106796116505,0,927,PARQUE ESTADUAL NASCENTES DO PARANAPANEMA,Nascentes do Paranapanema State Park
0000.35.2867,0.647829083390765,0,1451,PARQUE ESTADUAL DAS FONTES DO IPIRANGA,Fontes do Ipiranga Biological Reserve
0000.35.2936,0.4857142857142857,1,1086,ESTAçãO ECOLóGICA DE ANGATUBA,Angatuba Ecological Station
0000.41.0499,0.8111353711790393,0,916,PARQUE ESTADUAL DO CERRADO,Cerrado State Park
0000.41.0500,0.6002120890774125,1,944,ÁREA DE PROTEÇÃO AMBIENTAL ESTADUAL DE GUARATUBA,Guaratuba Environmental Protection Area
0000.41.0504,0.4356984478935698,1,903,PARQUE ESTADUAL DE IBIPORÃ,Ibiporã State Park
0000.41.0512,0.4682203389830508,1,945,PARQUE ESTADUAL DO RIO DA ONÇA,Rio da Onça State Park
0000.41.0513,0.4976851851851852,1,865,PARQUE ESTADUAL DE CAMPINHOS,Campinhos State Park
0000.41.0514,0.6161515453639083,0,1003,PARQUE ESTADUAL DO BOGUAÇU,Boguaçu State Park
0000.41.0518,0.383634431455898,2,943,PARQUE ESTADUAL DO PAU-OCO,Pau Oco State Park
0000.41.0524,0.5655391120507399,0,946,PARQUE ESTADUAL ROBERTO RIBAS LANGE,Roberto Ribas Lange State Park
0000.41.0528,1.1535393818544366,0,1003,ESTAÇÃO ECOLÓGICA DA ILHA DO MEL,Ilha do Mel Ecological Station
0000.41.0529,3.163509471585244,0,1003,PARQUE ESTADUAL DA ILHA DO MEL,Ilha do Mel State Park
0000.41.0531,0.9840319361277445,2,1004,PARQUE ESTADUAL SERRA DA BAITACA,Serra da Baitaca State Park
0000.41.0532,0.6673728813559322,0,944,PARQUE ESTADUAL PICO PARANÁ,Pico Paraná State Park
0000.41.0539,0.28600964851826327,0,1451,RESERVA BIOLÓGICA SÃO CAMILO,São Camilo State Park
0000.41.0540,2.5222457627118646,0,944,PARQUE ESTADUAL DO PICO MARUMBI,Pico do Marumbi State Park
0000.41.0541,0.5586061246040127,0,947,PARQUE ESTADUAL DA GRACIOSA,Graciosa State Park
0000.41.0549,1.068891280947255,0,929,PARQUE ESTADUAL DO GUARTELÁ,Guartelá State Park
0000.41.0550,2.5671950379048933,0,1451,PARQUE ESTADUAL DE VILA VELHA,Vila Velha State Park
0000.41.3047,0.37513171759747105,0,949,ESTAçãO ECOLóGICA DO CAIUá,Caiuá Ecological Station
0000.42.0780,0.615916955017301,0,867,PARQUE ESTADUAL DA SERRA FURADA,Serra Furada State Park
0000.42.0786,2.0687782805429866,0,1105,PARQUE ESTADUAL DA SERRA DO TABULEIRO,Serra do Tabuleiro State Park
0000.42.0789,0.7421109902067464,0,919,PARQUE ESTADUAL FRITZ PLAUMANN,Fritz Plaumann State Park
0000.42.0791,0.8822269807280514,0,934,PARQUE ESTADUAL ACARAI,Acaraí State Park
0000.42.1844,1.1829545454545454,1,881,PARQUE ESTADUAL DO RIO VERMELHO,Rio Vermelho State Park
0000.43.1018,1.7518401682439537,1,952,PARQUE ESTADUAL DO TURVO,Turvo State Park
0000.43.1019,0.3864406779661017,0,885,PARQUE ESTADUAL DE ESPIGãO ALTO,Espigão Alto State Park
0000.43.1863,0.5969827586206896,0,928,PARQUE ESTADUAL DE ITAPEVA,Itapeva State Park
0000.43.1994,10.135964912280702,0,912,PARQUE ESTADUAL DE ITAPUã,Itapuã State Park
0000.43.2000,0.9310820124052378,0,1451,PARQUE ESTADUAL DO DELTA DO JACUí,Banhados do Delta Biological Reserve
0000.43.2004,0.445578231292517,0,882,PARQUE ESTADUAL QUARTA COLôNIA,Quarta Colônia State Park
0000.43.2005,0.6569264069264069,0,924,PARQUE ESTADUAL DO TAINHAS,Tainhas State Park
0000.43.2007,0.7312198483804273,0,1451,RESERVA BIOLóGICA DO IBIRAPUITã,Ibirapuitã Biological Reserve
0000.43.2008,0.5427586206896552,1,1451,RESERVA BIOLóGICA ESTADUAL MATA PALUDOSA,Mata Paludosa Biological Reserve
0000.43.2009,0.5662068965517242,1,1451,RESERVA BIOLóGICA DO SãO DONATO,São Donato Biological Reserve
0000.43.3736,0.4050056882821388,1,880,PARQUE ESTADUAL DO CAMAQUã,Camaquã State Park
0000.50.0419,0.7009237875288684,1,867,PARQUE ESTADUAL DO PROSA,Prosa State Park
0000.50.0420,0.5052742616033755,2,950,PARQUE ESTADUAL DAS VÁRZEAS DO RIO IVINHEMA,Rio Ivinhema State Park
0000.50.0421,1.1858695652173914,0,920,PARQUE ESTADUAL DAS NASCENTES DO RIO TAQUARI,Nascentes do Rio Taquari State Park
0000.50.0422,0.7352625937834941,0,933,PARQUE ESTADUAL MATAS DO SEGREDO,Matas do Segredo State Park
0000.50.1515,4.480816326530612,0,1225,MONUMENTO NATURAL DA GRUTA DO LAGO AZUL,Gruta do Lago Azul Natural Monument
0000.51.0448,2.2774193548387096,0,930,PARQUE ESTADUAL SERRA RICARDO FRANCO,Serra Ricardo Franco State Park
0000.51.0451,0.7557932263814616,0,1122,ESTAçãO ECOLóGICA DO RIO RONURO,Rio Ronuro Ecological Station
0000.51.0455,0.6551724137931034,2,1075,PARQUE ESTADUAL IGARAPÉS DO JURUENA,Igarapés do Juruena State Park
0000.51.0456,0.44972067039106145,0,1074,PARQUE ESTADUAL TUCUMÃ,Tucumã State Park
0000.51.0457,0.6831566548881036,0,849,RESERVA BIOLÓGICA CULUENE,Culuene Biological Reserve
0000.51.0460,0.6136114160263447,0,911,PARQUE ESTADUAL DOM OSÓRIO STOFFEL,Dom Osório Stoffel State Park
0000.51.0462,0.6698382492863939,0,1051,PARQUE ESTADUAL SERRA SANTA BÁRBARA,Serra de Santa Bárbara State Park
0000.51.0463,1.0495942290351667,0,1109,RESERVA EXTRATIVISTA GUARIBA-ROOSEVELT,Guariba-Roosevelt Extractive Reserve
0000.51.0464,0.6793066088840737,1,924,PARQUE ESTADUAL MÃE BONIFÁCIA,Mãe Bonifácia State Park
0000.51.0465,1.030389363722697,0,1053,PARQUE ESTADUAL GRUTA DA LAGOA AZUL,Gruta da Lagoa Azul State Park
0000.51.0470,1.0951949229374434,1,1104,PARQUE ESTADUAL DO XINGU,Xingu State Park
0000.51.0472,0.6030368763557483,0,922,PARQUE ESTADUAL SERRA AZUL,Serra Azul State Park
0000.51.0477,0.6006493506493507,0,924,PARQUE ESTADUAL DO GUIRÁ,Guirá State Park
0000.51.1467,1.1850094876660342,0,1054,PARQUE ESTADUAL DE ÁGUAS QUENTES,Águas Quentes State Park
0000.51.1899,0.8849241748438894,0,1121,ESTAçãO ECOLóGICA DO RIO ROOSEVELT,Rio Roosevelt Ecological Station
0000.51.1901,1.1787941787941787,0,962,PARQUE ESTADUAL CRISTALINO,Cristalino State Park
0000.51.1902,0.47161572052401746,0,916,PARQUE ESTADUAL CRISTALINO II,Cristalino II State Park
0000.51.1903,0.5978260869565217,1,921,PARQUE ESTADUAL Zé BOLO FLô,Zé Bolo Flô State Park
0000.51.1916,1.4653371320037987,0,1053,PARQUE ESTADUAL ENCONTRO DAS ÁGUAS,Encontro das Águas State Park
0000.51.1918,0.45814581458145814,0,1111,ESTAçãO ECOLóGICA DO RIO MADEIRINHA,Rio Madeirinha Ecological Station
0000.51.1919,0.45634563456345634,0,1111,ESTAçãO ECOLóGICA RIO FLOR DO PRADO,Rio Flor do Prado Ecological Station
0000.52.0899,0.7652173913043478,1,921,PARQUE ESTADUAL ALTAMIRO DE MOURA PACHECO,Altamiro de Moura Pacheco State Park
0000.52.1738,1.0858757062146893,1,886,PARQUE ESTADUAL DA SERRA DE CALDAS NOVAS,Caldas Novas State Park
0000.52.1739,2.861050328227571,1,915,PARQUE ESTADUAL DOS PIRINEUS,Pirineus State Park
0000.52.1740,1.868366643694004,0,1451,PARQUE ESTADUAL DE TERRA RONCA,Terra Ronca State Park
0000.52.1744,0.7354838709677419,0,930,PARQUE ESTADUAL DO ARAGUAIA,Araguaia State Park
0000.52.1745,0.5528089887640449,1,891,PARQUE ESTADUAL DA SERRA DOURADA,Serra Dourada State Park
0000.53.1634,0.88125,2,1122,ESTAÇÃO ECOLÓGICA DE ÁGUAS EMENDADAS,Águas Emendadas Ecological Station
0120.32.3116,0.7069143446852425,1,970,MONUMENTO NATURAL DO ITABIRA,Itabira Natural Monument
0250.33.2801,0.4323499491353001,1,984,ÁREA DE PROTEçãO AMBIENTAL SURUí,Suruí Environmental Protection Area
0260.13.2556,0.6880733944954128,1,982,RESERVA DE DESENVOLVIMENTO SUSTENTÁVEL DO TUPÉ,Tupé Sustainable Development Reserve
0332.32.2879,0.44948453608247424,0,970,MONUMENTO NATURAL MUNICIPAL FALéSIAS DE MARATAíZES,Falésias de Marataízes Natural Monument
0350.33.1878,0.3564154786150713,1,983,ÁREA DE PROTEÇÃO AMBIENTAL JACERUBA,Jaceruba Environmental Protection Area
0390.33.1516,0.9252525252525252,0,990,PARQUE NATURAL MUNICIPAL DE PETRóPOLIS,Petrópolis Municipal Nature Park
0390.33.2043,0.7370558375634517,2,987,MONUMENTO NATURAL DA PEDRA DO ELEFANTE,Pedra do Elefante Natural Monument
0420.33.3166,0.5316582914572864,1,996,PARQUE NATURAL MUNICIPAL DA CACHOEIRA DA FUMAÇA E JACUBA PARFUMAÇA,Cachoeira da Fumaça e Jacuba Natural Park
0455.33.1788,12.231980115990059,0,1207,ÁREA DE PROTEÇÃO AMBIENTAL DO PARQUE MUNICIPAL ECOLÓGICO DE MARAPENDI,Reserva de Marapendi (Rio de Janeiro)
0455.33.1789,0.48831385642737896,0,1198,PARQUE NATURAL MUNICIPAL DE MARAPENDI,Marapendi Municipal Nature Park
0455.33.1811,4,0,887,MONUMENTO NATURAL DOS MORROS DO PãO DE AçúCAR E URCA,Sugarloaf Mountain and Urca Hill Natural Monument
0520.32.2778,0.5814581458145814,0,1111,PARQUE NATURAL MUNICIPAL DE JACARENEMA,Jacarenema Ecological Reserve
0530.32.2644,1.0126002290950744,0,873,PARQUE ESTADUAL DA FONTE GRANDE,Fonte Grande State Park
0580.33.1895,0.8464646464646465,0,990,PARQUE NATURAL MUNICIPAL MONTANHAS DE TERESóPOLIS,Montanhas de Teresópolis Municipal Nature Park
0810.24.1851,3.426602343211578,0,1451,PARQUE NATURAL MUNICIPAL DA CIDADE DO NATAL DOM NIVALDO MONTE,Natal City Park
4730.35.2799,0.6436940041350793,0,1451,RESERVA BIOLóGICA TAMBORé,Tamboré Biological Reserve
