cod_cnuc,mean,na_rows,total_days,pa_name_cnuc,pt_wkname
0000.00.0001,1.6358620689655172,1,1451,ÁREA DE PROTEÇÃO AMBIENTAL ANHATOMIRIM,Área de Proteção Ambiental de Anhatomirim
0000.00.0002,0.47586206896551725,1,1451,ÁREA DE PROTEÇÃO AMBIENTAL CAVERNAS DO PERUAÇU,Área de Proteção Ambiental Cavernas do Peruaçu
0000.00.0007,2.477601654031702,0,1451,ÁREA DE PROTEÇÃO AMBIENTAL BARRA DO RIO MAMANGUAPE,Área de Proteção Ambiental da Barra do Rio Mamanguape
0000.00.0010,0.9262068965517242,1,1451,ÁREA DE PROTEÇÃO AMBIENTAL DE PETRÓPOLIS,Área de Proteção Ambiental de Petrópolis
0000.00.0011,1.523776705720193,0,1451,ÁREA DE PROTEÇÃO AMBIENTAL SERRA DA MANTIQUEIRA,Área de Proteção Ambiental Serra da Mantiqueira
0000.00.0013,0.733103448275862,1,1451,ÁREA DE PROTEÇÃO AMBIENTAL DE CAIRUÇU,Área de Proteção Ambiental de Cairuçu
0000.00.0017,2.737422467263956,0,1451,ÁREA DE PROTEÇÃO AMBIENTAL DE GUARAQUEÇABA,Área de Proteção Ambiental de Guaraqueçaba
0000.00.0020,7.948311509303928,0,1451,ÁREA DE PROTEÇÃO AMBIENTAL CARSTE DA LAGOA SANTA,Área de Proteção Ambiental Carste de Lagoa Santa
0000.00.0021,1.6402481047553412,0,1451,ÁREA DE PROTEÇÃO AMBIENTAL IBIRAPUITÃ,Área de Proteção Ambiental do Ibirapuitã
0000.00.0027,1.2274293590627154,0,1451,ÁREA DE PROTEÇÃO AMBIENTAL MORRO DA PEDREIRA,Área de Proteção Ambiental Morro da Pedreira
0000.00.0030,0.3020689655172414,1,1451,ÁREA DE RELEVANTE INTERESSE ECOLÓGICA VASSUNUNGA,Área de Relevante Interesse Ecológico Vassununga
0000.00.0032,0.4917241379310345,1,1451,ÁREA DE RELEVANTE INTERESSE ECOLÓGICA PÉ-DE-GIGANTE,Área de Relevante Interesse Ecológico Pé-de-Gigante
0000.00.0034,29.832529290144727,0,1451,MONUMENTO NATURAL DAS ILHAS CAGARRAS,Ilhas Cagarras
0000.00.0036,0.41379310344827586,1,1451,ÁREA DE RELEVANTE INTERESSE ECOLÓGICA ILHA AMEIXAL,Área de Relevante Interesse Ecológico Ilha Ameixal
0000.00.0038,0.506896551724138,1,1451,ÁREA DE RELEVANTE INTERESSE ECOLÓGICA JAVARI BURITI,Área de Relevante Interesse Ecológico Javari Buriti
0000.00.0040,5.700206753962784,0,1451,ÁREA DE RELEVANTE INTERESSE ECOLÓGICA MATA DE SANTA GENEBRA,Mata de Santa Genebra
0000.00.0043,0.41172413793103446,1,1451,ÁREA DE RELEVANTE INTERESSE ECOLÓGICA PROJETO DINÂMICA BIOLÓGICA DE FRAGMENTOS FLORESTAIS,Área de Relevante Interesse Ecológico Projeto Dinâmica Biológica de Fragmentos Florestais
0000.00.0050,0.6986206896551724,1,1451,ESTAÇÃO ECOLÓGICA DE ARACURI-ESMERALDA,Estação Ecológica de Aracuri-Esmeralda
0000.00.0052,2.0103376981392143,0,1451,ESTAÇÃO ECOLÓGICA DE CARIJÓS,Estação Ecológica de Carijós
0000.00.0053,0.5779310344827586,1,1451,ESTAÇÃO ECOLÓGICA DE CUNIÃ,Estação Ecológica de Cuniã
0000.00.0054,2.436250861474845,0,1451,ESTAÇÃO ECOLÓGICA DE GUARAQUEÇABA,Estação Ecológica de Guaraqueçaba
0000.00.0056,0.4390075809786354,0,1451,ESTAÇÃO ECOLÓGICA DE JUTAÍ-SOLIMÕES,Estação Ecológica de Jutaí-Solimões
0000.00.0058,1.3823326432022085,2,1451,ESTAÇÃO ECOLÓGICA DE MARACÁ JIPIOCA,Estação ecológica de Maracá-Jipioca
0000.00.0059,1.31013094417643,0,1451,ESTAÇÃO ECOLÓGICA DE MURICI,Estação Ecológica de Murici
0000.00.0062,1.0634045485871813,0,1451,ESTAÇÃO ECOLÓGICA DE TAIAMÃ,Estação Ecológica de Taiamã
0000.00.0063,1.803448275862069,1,1451,ESTAÇÃO ECOLÓGICA DE TAMOIOS,Estação Ecológica de Tamoios
0000.00.0064,0.6273291925465838,2,1451,ESTAÇÃO ECOLÓGICA TUPINAMBÁS,Estação Ecológica Tupinambás
0000.00.0067,0.968986905582357,0,1451,ESTAÇÃO ECOLÓGICA DO JARI,Estação Ecológica do Jari
0000.00.0068,1.2405237767057202,0,1451,ESTAÇÃO ECOLÓGICA RIO ACRE,Estação Ecológica Rio Acre
0000.00.0070,30.67884217780841,0,1451,ESTAÇÃO ECOLÓGICA DO TAIM,Estação Ecológica do Taim
0000.00.0071,1.5037904893177119,0,1451,ESTAÇÃO ECOLÓGICA DOS TUPINIQUINS,Estação Ecológica dos Tupiniquins
0000.00.0072,0.4068965517241379,1,1451,ESTAÇÃO ECOLÓGICA JUAMI-JAPURÁ,Estação Ecológica Juami-Japurá
0000.00.0073,1.1206064782908338,0,1451,ESTAÇÃO ECOLÓGICA MICO LEÃO PRETO,Estação Ecológica Mico-Leão-Preto
0000.00.0074,4.208132322536182,0,1451,ESTAÇÃO ECOLÓGICA RASO DA CATARINA,Estação Ecológica Raso da Catarina
0000.00.0075,3.838042729152309,0,1451,ESTAÇÃO ECOLÓGICA DA SERRA DAS ARARAS,Estação Ecológica da Serra das Araras
0000.00.0076,3.972432804962095,0,1451,ESTACAO ECOLOGICA SERRA GERAL DO TOCANTINS,Estação Ecológica Serra Geral do Tocantins
0000.00.0088,7.169538249483115,0,1451,FLORESTA NACIONAL DE CARAJÁS,Floresta Nacional de Carajás
0000.00.0089,3.1724137931034484,1,1451,FLORESTA NACIONAL DE CAXIUANÃ,Floresta Nacional de Caxiuanã
0000.00.0091,1.1958620689655173,1,1451,FLORESTA NACIONAL DE GOYTACAZES,Floresta Nacional de Goytacazes
0000.00.0092,0.4203997243280496,0,1451,FLORESTA NACIONAL DE HUMAITÁ,Floresta Nacional de Humaitá
0000.00.0097,0.4924137931034483,1,1451,FLORESTA NACIONAL DE JACUNDÁ,Floresta Nacional de Jacundá
0000.00.0098,1.269655172413793,1,1451,FLORESTA NACIONAL DE LORENA,Floresta Nacional de Lorena
0000.00.0105,0.8897312198483804,0,1451,FLORESTA NACIONAL DE RITÁPOLIS,Floresta Nacional de Ritápolis
0000.00.0112,0.4776016540317023,0,1451,FLORESTA NACIONAL DE TEFÉ,Floresta Nacional de Tefé
0000.00.0113,1.7129054520358868,2,1451,FLORESTA NACIONAL DE AMAPÁ,Floresta Nacional de Amapá
0000.00.0116,1.2949689869055823,0,1451,FLORESTA NACIONAL DE BOM FUTURO,Floresta Nacional do Bom Futuro
0000.00.0120,0.3588681849551415,2,1451,FLORESTA NACIONAL DE MACAUÃ,Floresta Nacional de Macauã
0000.00.0121,0.2296551724137931,1,1451,FLORESTA NACIONAL DE PURUS,Floresta Nacional de Purus
0000.00.0122,2.167586206896552,1,1451,FLORESTA NACIONAL DE RIO PRETO,Floresta Nacional do Rio Preto
0000.00.0123,1.9137931034482758,1,1451,FLORESTA NACIONAL DE TAPAJÓS,Floresta Nacional do Tapajós
0000.00.0124,1.289655172413793,1,436,FLORESTA NACIONAL DE TAPIRAPÉ-AQUIRI,Floresta Nacional de Tapirapé-Aquiri
0000.00.0129,2.2929014472777394,0,1451,FLORESTA NACIONAL DE PASSA QUATRO,Floresta Nacional de Passa Quatro
0000.00.0132,2.6574776016540316,0,1451,FLORESTA NACIONAL DA RESTINGA DE CABEDELO,Floresta Nacional da Restinga de Cabedelo
0000.00.0133,1.7165517241379311,1,1451,FLORESTA NACIONAL DE SÃO FRANCISCO DE PAULA,Floresta Nacional de São Francisco de Paula
0000.00.0134,3.110957960027567,0,1451,FLORESTA NACIONAL DE TRÊS BARRAS,Floresta Nacional de Três Barras
0000.00.0135,18.370089593383874,0,1451,PARQUE NACIONAL CAVERNAS DO PERUAÇU,Parque Nacional Cavernas do Peruaçu
0000.00.0136,11.798759476223294,0,1451,PARQUE NACIONAL DA AMAZÔNIA,Parque Nacional da Amazônia
0000.00.0138,53.52997932460372,0,1451,PARQUE NACIONAL DA CHAPADA DOS GUIMARÃES,Parque Nacional da Chapada dos Guimarães
0000.00.0139,121.71812543073742,0,1451,PARQUE NACIONAL DA CHAPADA DOS VEADEIROS,Parque Nacional da Chapada dos Veadeiros
0000.00.0140,15.429359062715369,0,1451,PARQUE NACIONAL DA LAGOA DO PEIXE,Parque Nacional da Lagoa do Peixe
0000.00.0141,14.044107512060648,0,1451,PARQUE NACIONAL RESTINGA DE JURUBATIBA,Parque Nacional da Restinga de Jurubatiba
0000.00.0142,46.71536871123363,0,1451,PARQUE NACIONAL DA SERRA DA BOCAINA,Parque Nacional da Serra da Bocaina
0000.00.0143,2.857339765678842,0,1451,PARQUE NACIONAL DA SERRA DA BODOQUENA,Parque Nacional da Serra da Bodoquena
0000.00.0144,120.4197105444521,0,1451,PARQUE NACIONAL DA SERRA DA CANASTRA,Parque Nacional da Serra da Canastra
0000.00.0145,378.63266712611994,0,1451,PARQUE NACIONAL DA SERRA DA CAPIVARA,Parque Nacional Serra da Capivara
0000.00.0146,16.893866299104065,0,1451,PARQUE NACIONAL SERRA DAS CONFUSÕES,Parque Nacional da Serra das Confusões
0000.00.0147,8.185389386629911,0,1451,PARQUE NACIONAL DA SERRA DE ITABAIANA,Parque Nacional Serra de Itabaiana
0000.00.0148,10.31013094417643,0,1451,PARQUE NACIONAL DA SERRA DO CIPÓ,Parque Nacional da Serra do Cipó
0000.00.0149,12.864920744314267,0,1451,PARQUE NACIONAL DA SERRA DO DIVISOR,Parque Nacional da Serra do Divisor
0000.00.0150,10.45485871812543,0,1451,PARQUE NACIONAL DA SERRA DO ITAJAÍ,Parque Nacional da Serra do Itajaí
0000.00.0151,2.0979310344827584,1,1451,PARQUE NACIONAL DA SERRA DO PARDO,Parque Nacional da Serra do Pardo
0000.00.0152,48.55961405926947,0,1451,PARQUE NACIONAL DA SERRA DOS ORGÃOS,Parque Nacional da Serra dos Órgãos
0000.00.0153,16.859407305306686,0,1451,PARQUE NACIONAL DA SERRA GERAL,Parque Nacional da Serra Geral
0000.00.0155,32.97450034458994,0,1451,PARQUE NACIONAL DAS EMAS,Parque Nacional das Emas
0000.00.0156,11.93314955203308,0,1451,PARQUE NACIONAL DAS NASCENTES DO RIO PARNAIBA,Parque Nacional das Nascentes do Rio Parnaíba
0000.00.0157,8.644383184011026,0,1451,PARQUE NACIONAL DAS SEMPRE VIVAS,Parque Nacional das Sempre-Vivas
0000.00.0158,35.3631977946244,0,1451,PARQUE NACIONAL DE APARADOS DA SERRA,Parque Nacional de Aparados da Serra
0000.00.0159,24.687112336319778,0,1451,PARQUE NACIONAL DE BRASÍLIA,Parque Nacional de Brasília
0000.00.0160,46.199172984148866,0,1451,PARQUE NACIONAL DE CAPARAO,Parque Nacional do Caparaó
0000.00.0161,13.583735354927637,0,1451,PARQUE NACIONAL DE ILHA GRANDE,Parque Nacional de Ilha Grande
0000.00.0162,17.441075120606477,0,1451,PARQUE NACIONAL DE JERICOACOARA,Parque Nacional de Jericoacoara
0000.00.0163,12.643004824259132,0,1451,PARQUE NACIONAL DE PACAÁS NOVOS,Parque Nacional de Pacaás Novos
0000.00.0164,6.995175740868366,0,1451,PARQUE NACIONAL DE SAINT-HILAIRE/LANGE,Parque Nacional de Saint-Hilaire/Lange
0000.00.0165,9.474155754651964,0,1451,PARQUE NACIONAL DE SÃO JOAQUIM,Parque Nacional de São Joaquim
0000.00.0166,31.743625086147485,0,1451,PARQUE NACIONAL DE SETE CIDADES,Parque Nacional de Sete Cidades
0000.00.0167,14.348725017229498,0,1451,PARQUE NACIONAL DE UBAJARA,Parque Nacional de Ubajara
0000.00.0168,7.509303928325293,0,1451,PARQUE NACIONAL DO ARAGUAIA,Parque Nacional do Araguaia
0000.00.0169,6.935217091660924,0,1451,PARQUE NACIONAL DO CABO ORANGE,Parque Nacional do Cabo Orange
0000.00.0170,64.1330117160579,0,1451,PARQUE NACIONAL DO CATIMBAU,Parque Nacional do Catimbau
0000.00.0171,5.005513439007581,0,1451,PARQUE NACIONAL DO DESCOBRIMENTO,Parque Nacional do Descobrimento
0000.00.0173,17.29221226740179,0,1451,PARQUE NACIONAL DO JAÚ,Parque Nacional do Jaú
0000.00.0174,11.920744314266024,0,1451,PARQUE NACIONAL DO MONTE RORAIMA,Parque Nacional do Monte Roraima
0000.00.0175,29.998621640248103,0,1451,PARQUE NACIONAL DO PANTANAL MATOGROSSENSE,Parque Nacional do Pantanal Matogrossense
0000.00.0176,2.2145564821834722,0,1319,PARQUE NACIONAL PAU BRASIL,Parque Nacional do Pau Brasil
0000.00.0177,26.294279807029636,0,1451,PARQUE NACIONAL DO PICO DA NEBLINA,Parque Nacional do Pico da Neblina
0000.00.0178,11.923501033769814,0,1451,PARQUE NACIONAL DO SUPERAGUI,Parque Nacional de Superagüi
0000.00.0179,1.6254738438210765,0,1319,PARQUE NACIONAL VIRUÁ,Parque Nacional do Viruá
0000.00.0180,115.21295658166781,0,1451,PARQUE NACIONAL DOS LENÇOIS MARANHENSES,Parque Nacional dos Lençóis Maranhenses
0000.00.0181,3.445210199862164,0,1451,MONUMENTO NATURAL DOS PONTÕES CAPIXABAS,Monumento Natural dos Pontões Capixabas
0000.00.0182,12.088904203997243,0,1451,PARQUE NACIONAL DO MONTE PASCOAL,Parque Nacional e Histórico do Monte Pascoal
0000.00.0183,10.361819434872501,0,1451,PARQUE NACIONAL GRANDE SERTÃO VEREDAS,Parque Nacional Grande Sertão Veredas
0000.00.0184,27.003445899379738,0,1451,PARQUE NACIONAL DO ITATIAIA,Parque Nacional do Itatiaia
0000.00.0185,11.887663680220538,0,1451,PARQUE NACIONAL MARINHO DOS ABROLHOS,Parque Nacional Marinho dos Abrolhos
0000.00.0187,25.04548587181254,0,1451,PARQUE NACIONAL MONTANHAS DO TUMUCUMAQUE,Parque Nacional Montanhas do Tumucumaque
0000.00.0188,1.6498966230186078,0,1451,PARQUE NACIONAL DA SERRA DA CUTIA,Parque Nacional da Serra da Cutia
0000.00.0189,2.8490696071674706,0,1451,PARQUE NACIONAL SERRA DA MOCIDADE,Parque Nacional Serra da Mocidade
0000.00.0191,3.2198483804272917,0,1451,RESERVA BIOLÓGICA AUGUSTO RUSCHI,Reserva Biológica Augusto Ruschi
0000.00.0192,1.0699919549477073,1,1244,RESERVA BIOLÓGICA DA CONTAGEM,Reserva Biológica da Contagem
0000.00.0193,1.813921433494142,0,1451,RESERVA BIOLÓGICA DA MATA ESCURA,Reserva Biológica da Mata Escura
0000.00.0194,0.8613782051282052,0,1248,RESERVA BIOLÓGICA DO ABUFARI,Reserva Biológica do Abufari
0000.00.0195,2.7524137931034485,1,1451,RESERVA BIOLÓGICA DE COMBOIOS,Reserva Biológica de Comboios
0000.00.0196,1.8455172413793104,1,1451,RESERVA BIOLÓGICA GUARIBAS,Reserva Biológica Guaribas
0000.00.0197,3.0176282051282053,0,1248,RESERVA BIOLOGICA DE PEDRA TALHADA,Reserva Biológica de Pedra Talhada
0000.00.0198,1.8364073777064955,0,1247,RESERVA BIOLÓGICA DE SALTINHO,Reserva Biológica de Saltinho
0000.00.0199,1.798549556809025,0,1241,RESERVA BIOLÓGICA DE SANTA ISABEL,Reserva Biológica de Santa Isabel
0000.00.0200,3.45448275862069,1,1451,RESERVA BIOLÓGICA DE SERRA NEGRA,Reserva Biológica de Serra Negra
0000.00.0202,3.12749827705031,0,1451,RESERVA BIOLÓGICA DE UNA,Reserva Biológica de Una
0000.00.0204,1.1117241379310345,1,1451,RESERVA BIOLÓGICA DO CÓRREGO DO VEADO,Reserva Biológica do Córrego do Veado
0000.00.0205,0.8041379310344827,1,1451,RESERVA BIOLÓGICA DO CÓRREGO GRANDE,Reserva Biológica do Córrego Grande
0000.00.0206,1.0136655948553055,1,1245,RESERVA BIOLÓGICA DO GUAPORÉ,Reserva Biológica do Guaporé
0000.00.0207,2.6358520900321545,0,1244,RESERVA BIOLÓGICA DO GURUPI,Reserva Biológica do Gurupi
0000.00.0208,1.2308752584424534,0,1451,RESERVA BIOLÓGICA DO JARU,Reserva Biológica do Jaru
0000.00.0209,0.9538249483115093,0,1451,RESERVA BIOLÓGICA DO LAGO PIRATUBA,Reserva Biológica do Lago Piratuba
0000.00.0210,0.9290322580645162,2,1242,RESERVA BIOLÓGICA DO RIO TROMBETAS,Reserva Biológica do Rio Trombetas
0000.00.0211,1.0585802894555478,0,1451,RESERVA BIOLÓGICA DO TAPIRAPÉ,Reserva Biológica do Tapirapé
0000.00.0212,14.706409372846313,0,1451,RESERVA BIOLÓGICA DO TINGUÁ,Reserva Biológica Federal do Tinguá
0000.00.0213,1.2085004009623095,0,1247,RESERVA BIOLÓGICA DO UATUMÃ,Reserva Biológica do Uatumã
0000.00.0214,4.17448275862069,1,1451,RESERVA BIOLÓGICA MARINHA DO ARVOREDO,Reserva Biológica Marinha do Arvoredo
0000.00.0215,7.998621640248105,0,1451,RESERVA BIOLÓGICA DE POÇO DAS ANTAS,Reserva Biológica Poço das Antas
0000.00.0216,0.7699115044247787,1,1244,RESERVA BIOLÓGICA NASCENTES SERRA DO CACHIMBO,Reserva Biológica Nascentes da Serra do Cachimbo
0000.00.0217,3.2742935906271535,0,1451,RESERVA BIOLÓGICA UNIÃO,Reserva Biológica União
0000.00.0222,4.535492763611303,0,1451,RESERVA EXTRATIVISTA CHICO MENDES,Reserva Extrativista Chico Mendes
0000.00.0223,0.416551724137931,1,1451,RESERVA EXTRATIVISTA CHOCOARÉ-MATO GROSSO,Reserva Extrativista Chocoaré-Mato Grosso
0000.00.0227,0.4979310344827586,1,1451,RESERVA EXTRATIVISTA MARACANÃ,Reserva Extrativista Maracanã
0000.00.0228,0.26620689655172414,1,1451,RESERVA EXTRATIVISTA SÃO JOÃO DA PONTA,Reserva Extrativista de São João da Ponta
0000.00.0230,0.4517241379310345,1,1451,RESERVA EXTRATIVISTA BAIXO JURUÁ,Reserva Extrativista Baixo Juruá
0000.00.0231,1.647829083390765,0,1451,RESERVA EXTRATIVISTA DO BATOQUE,Reserva Extrativista do Batoque
0000.00.0232,1.193103448275862,1,1451,RESERVA EXTRATIVISTA DO CAZUMBÁ-IRACEMA,Reserva Extrativista Cazumbá-Iracema
0000.00.0233,1.2212267401791868,0,1451,RESERVA EXTRATIVISTA LAGO DO CUNIÃ,Reserva Extrativista do Lago do Cuniã
0000.00.0234,1.1586206896551725,1,1451,RESERVA EXTRATIVISTA MANDIRA,Reserva Extrativista do Mandira
0000.00.0235,0.5809786354238456,0,1451,RESERVA EXTRATIVISTA MÉDIO JURUÁ,Reserva Extrativista Médio Juruá
0000.00.0238,1.0723638869745002,0,1451,RESERVA EXTRATIVISTA DO RIO CAUTÁRIO,Reserva Extrativista Federal do Rio Cautário
0000.00.0239,0.39352170916609236,0,1451,RESERVA EXTRATIVISTA DO RIO JUTAÍ,Reserva Extrativista do Rio Jutaí
0000.00.0240,0.9848275862068966,1,1451,RESERVA EXTRATIVISTA EXTREMO NORTE DO TOCANTINS,Reserva Extrativista do Extremo Norte do Tocantins
0000.00.0242,0.47622329427980703,0,1451,RESERVA EXTRATIVISTA DO LAGO DO CAPANÃ GRANDE,Reserva Extrativista do Lago do Capanã Grande
0000.00.0243,0.5917241379310345,1,1451,RESERVA EXTRATIVISTA MAE GRANDE DE CURUÇA,Reserva Extrativista Mãe Grande de Curuçá
0000.00.0244,1.273793103448276,1,1451,RESERVA EXTRATIVISTA MAPUÁ,Reserva Extrativista Mapuá
0000.00.0245,1.0799448656099242,0,1451,RESERVA EXTRATIVISTA MARINHA DA BAIA DE IGUAPÉ,Reserva Extrativista Marinha da Baía do Iguape
0000.00.0246,0.6158620689655172,1,1451,RESERVA EXTRATIVISTA MARINHA DA LAGOA DO JEQUIÁ,Reserva Extrativista Marinha da Lagoa do Jequiá
0000.00.0247,0.33655172413793105,1,1451,RESERVA EXTRATIVISTA MARINHA ARAI-PEROBA,Reserva Extrativista Marinha de Araí-Peroba
0000.00.0248,0.7512060647829083,0,1451,RESERVA EXTRATIVISTA MARINHA CAETÉTAPERAÇU,Reserva Extrativista Marinha de Caeté-Taperaçu
0000.00.0249,0.3689655172413793,1,1451,RESERVA EXTRATIVISTA MARINHA DE GURUPI-PIRIÁ,Reserva Extrativista Marinha de Gurupi-Piriá
0000.00.0250,0.3232253618194349,0,1451,RESERVA EXTRATIVISTA MARINHA TRACUATEUA,Reserva Extrativista Marinha de Tracuateua
0000.00.0251,1.9248275862068966,1,1451,RESERVA EXTRATIVISTA MARINHA ARRAIAL DO CABO,Reserva Extrativista Marinha do Arraial do Cabo
0000.00.0252,1.459682977257064,0,1451,RESERVA EXTRATIVISTA CORUMBAU,Reserva Extrativista Marinha do Corumbau
0000.00.0253,0.8434482758620689,1,1451,RESERVA EXTRATIVISTA DE CANAVIEIRAS,Reserva Extrativista de Canavieiras
0000.00.0254,0.7675862068965518,1,1451,RESERVA EXTRATIVISTA MARINHA DE SOURE,Reserva Extrativista Marinha de Soure
0000.00.0255,3.4383184011026877,0,1451,RESERVA EXTRATIVISTA MARINHA PIRAJUBAÉ,Reserva Extrativista Marinha do Pirajubaé
0000.00.0256,0.7937931034482759,1,1451,RESERVA EXTRATIVISTA RIO OURO PRETO,Reserva Extrativista do Rio Ouro Preto
0000.00.0259,1.0731034482758621,1,1451,RESERVA EXTRATIVISTA TAPAJÓS ARAPIUNS,Reserva Extrativista Tapajós-Arapiuns
0000.00.0260,0.6689655172413793,1,1451,RESERVA EXTRATIVISTA VERDE PARA SEMPRE,Reserva Extrativista Verde para Sempre
0000.00.0261,1.3937931034482758,1,1451,ESTAÇÃO ECOLÓGICA DE MATA PRETA,Estação Ecológica da Mata Preta
0000.00.0262,5.346657477601654,0,1451,PARQUE NACIONAL DAS ARAUCÁRIAS,Parque Nacional das Araucárias
0000.00.0264,1.1996962794229309,2,1319,PARQUE NACIONAL DO RIO NOVO,Parque Nacional do Rio Novo
0000.00.0267,2.184848484848485,0,1320,PARQUE NACIONAL DO JAMANXIM,Parque Nacional do Jamanxim
0000.00.0270,0.6027713625866051,1,434,FLORESTA NACIONAL DO CREPORI,Floresta Nacional do Crepori
0000.00.0271,0.3448275862068966,1,1451,FLORESTA NACIONAL DO AMANÁ,Floresta Nacional do Amaná
0000.00.0272,41.664369400413506,0,1451,PARQUE NACIONAL DA CHAPADA DAS MESAS,Parque Nacional da Chapada das Mesas
0000.00.0274,0.5741890959282263,2,1451,RESERVA EXTRATIVISTA ALTO TARAUACÁ,Reserva Extrativista Alto Tarauacá
0000.00.0275,5.159889731219848,0,1451,RESERVA BIOLÓGICA DAS PEROBAS,Reserva Biológica das Perobas
0000.00.0276,1.083400160384924,1,1248,RESERVA BIOLÓGICA DAS ARAUCÁRIAS,Reserva Biológica das Araucárias
0000.00.0277,6.179186767746382,0,1451,PARQUE NACIONAL DOS CAMPOS GERAIS,Parque Nacional dos Campos Gerais
0000.00.0281,5.046175051688491,0,1451,PARQUE NACIONAL DO JURUENA,Parque Nacional do Juruena
0000.00.0282,0.6013793103448276,1,1451,RESERVA EXTRATIVISTA TERRA GRANDE PRACUUBA,Reserva Extrativista Terra Grande - Pracuúba
0000.00.1078,0.9206896551724137,1,1451,RESERVA PARTICULAR DO PATRIMÔNIO NATURAL RESERVA RIO DAS FURNAS,Reserva Rio das Furnas
0000.00.1102,0.7246376811594203,2,1451,RESERVA PARTICULAR DO PATRIMÔNIO NATURAL RIO DAS LONTRAS,Reserva Particular do Patrimônio Natural Rio das Lontras
0000.00.1137,2.5482758620689654,1,1451,RESERVA PARTICULAR DO PATRIMÔNIO NATURAL MATA ESTRELA,Reserva Particular do Patrimônio Natural Mata da Estrela
0000.00.1206,0.5793103448275863,1,1451,RESERVA PARTICULAR DO PATRIMÔNIO NATURAL ENGENHO GARGAÚ,Reserva Particular do Patrimônio Natural Engenho Gargaú
0000.00.1211,1.066942719116632,2,1451,RESERVA PARTICULAR DO PATRIMÔNIO NATURAL FAZENDA PACATUBA,Reserva Particular do Patrimônio Natural Fazenda Pacatuba
0000.00.1254,4.025499655410062,0,1451,RESERVA PARTICULAR DO PATRIMÔNIO NATURAL FELICIANO MIGUEL ABDALA,Reserva Particular do Patrimônio Natural Feliciano Miguel Abdala
0000.00.1267,0.6790890269151139,2,1451,RESERVA PARTICULAR DO PATRIMÔNIO NATURAL ESTAÇÃO BIOLÓGICA DA MATA DO SOSSEGO,Reserva Particular do Patrimônio Natural Estação Biológica da Mata do Sossego
0000.00.1376,4.7525844245348035,0,1451,RESERVA PARTICULAR DO PATRIMÔNIO NATURAL RESERVA SERRA DAS ALMAS,Reserva Natural Serra das Almas
0000.00.1517,1.4610613370089593,0,1451,RESERVA EXTRATIVISTA ALTO JURUÁ,Reserva Extrativista Alto Juruá
0000.00.1518,1.155065472088215,0,1451,RESERVA EXTRATIVISTA RIO CAJARI,Reserva Extrativista do Rio Cajari
0000.00.1521,1.1392143349414197,0,1451,ÁREA DE PROTEÇÃO AMBIENTAL BACIA DO PARAÍBA DO SUL,Área de Proteção Ambiental Bacia do Paraíba do Sul
0000.00.1563,0.64,1,1451,RESERVA EXTRATIVISTA ACAú-GOIANA,Reserva Extrativista Acaú–Goiana
0000.00.1564,0.9324137931034483,1,1451,RESERVA EXTRATIVISTA CHAPADA LIMPA,Reserva Extrativista Chapada Limpa
0000.00.1606,0.6110344827586207,1,1451,RESERVA EXTRATIVISTA DO MéDIO PURúS,Reserva Extrativista do Médio Purus
0000.00.1626,0.9461713419257013,0,1319,PARQUE NACIONAL NASCENTES DO LAGO JARI,Parque Nacional das Nascentes do Lago Jari
0000.00.1628,0.36689655172413793,1,1451,RESERVA EXTRATIVISTA ITUXí,Reserva Extrativista Ituxí
0000.00.1633,2.0652009097801365,0,1319,PARQUE NACIONAL MAPINGUARI,Parque Nacional Mapinguari
0000.00.1808,1.5248275862068965,1,1451,RESERVA EXTRATIVISTA DE CASSURUBá,Reserva Extrativista de Cassurubá
0000.00.1809,1.043448275862069,1,1451,RESERVA EXTRATIVISTA PRAINHA DO CANTO VERDE,Reserva Extrativista Prainha do Canto Verde
0000.00.1812,7.668504479669194,0,1451,MONUMENTO NATURAL DO RIO SãO FRANCISCO,Monumento Natural do Rio São Francisco
0000.00.1813,0.9,1,1451,REFúGIO DE VIDA SILVESTRE DO RIO DOS FRADES,Refúgio de Vida Silvestre do Rio dos Frades
0000.00.1880,0.82,1,1451,REFúGIO DE VIDA SILVESTRE DE UNA,Refúgio de Vida Silvestre de Una
0000.00.1908,2.503787878787879,0,1320,PARQUE NACIONAL DE BOA NOVA,Parque Nacional de Boa Nova
0000.00.1909,0.3489655172413793,1,1451,PARQUE NACIONAL DA SERRA DAS LONTRAS,Parque Nacional da Serra das Lontras
0000.00.1910,4.445899379738112,0,1451,PARQUE NACIONAL DO ALTO CARIRI,Parque Nacional do Alto Cariri
0000.00.1911,0.760854583046175,0,1451,REFÚGIO DE VIDA SILVESTRE DE SANTA CRUZ,Refúgio de Vida Silvestre de Santa Cruz
0000.00.1912,0.6275862068965518,1,1451,ÁREA DE PROTEÇÃO AMBIENTAL COSTA DAS ALGAS,Área de Proteção Ambiental Costa das Algas
0000.00.2075,2.713301171605789,0,1451,RESERVA PARTICULAR DO PATRIMÔNIO NATURAL BURACO DAS ARARAS,Reserva Particular do Patrimônio Natural Buraco das Araras
0000.00.2093,1.50723638869745,0,1451,RESERVA PARTICULAR DO PATRIMÔNIO NATURAL DA UNISC,Reserva Particular do Patrimônio Natural da Universidade de Santa Cruz do Sul
0000.00.2633,4.693314955203308,0,1451,PARQUE NACIONAL DA FURNA FEIA,Parque Nacional da Furna Feia
0000.00.2634,0.6821829855537721,2,1248,RESERVA BIOLÓGICA BOM JESUS,Reserva Biológica Bom Jesus
0000.00.2874,3.4955203308063405,0,1451,PARQUE NACIONAL MARINHO DAS ILHAS DOS CURRAIS,Parque Nacional Marinho das Ilhas dos Currais
0000.00.3136,6.43972706595906,0,1319,PARQUE NACIONAL DA SERRA DO GANDARELA,Parque Nacional da Serra do Gandarela
0000.00.3137,2.331060606060606,0,1320,PARQUE NACIONAL GUARICANA,Parque Nacional Guaricana
0000.12.0939,1.9862164024810476,0,1451,PARQUE ESTADUAL CHANDLESS,Parque Estadual Chandless
0000.13.0986,5.820124052377671,0,1451,RESERVA DE DESENVOLVIMENTO SUSTENTÁVEL MAMIRAUÁ,Reserva de Desenvolvimento Sustentável Mamirauá
0000.13.1007,1.0544452101998623,0,1451,PARQUE ESTADUAL RIO NEGRO SETOR NORTE,Parque Estadual Rio Negro Setor Norte
0000.13.1008,3.5320468642315643,0,1451,PARQUE ESTADUAL SERRA DO ARACÁ,Parque Estadual Serra do Aracá
0000.13.1010,5.811853893866299,0,1451,PARQUE ESTADUAL SUMAÚMA,Parque Estadual Sumaúma
0000.13.1011,1.875,0,8,RESERVA BIOLÓGICA MORRO DOS SEIS LAGOS,Reserva Biológica Morro dos Seis Lagos
0000.15.1022,15.584745762711865,0,354,PARQUE ESTADUAL DO UTINGA,Parque Estadual do Utinga
0000.15.2042,1.0117160578911095,0,1451,PARQUE ESTADUAL CHARAPUCU,Parque Estadual Charapucu
0000.16.0293,3.2818745692625777,0,1451,ÁREA DE PROTEÇÃO AMBIENTAL DO RIO CURIAÚ,Área de Proteção Ambiental do Rio Curiaú
0000.17.1486,154.57822191592007,0,1451,PARQUE ESTADUAL DO JALAPãO,Parque Estadual do Jalapão
0000.17.1487,9.8407994486561,0,1451,PARQUE ESTADUAL DO CANTãO,Parque Estadual do Cantão
0000.17.1488,2.7490458015267176,0,1048,PARQUE ESTADUAL DO LAJEADO,Parque Estadual do Lajeado
0000.17.1501,1.4158620689655173,1,1451,ÁREA DE PROTEÇÃO AMBIENTAL ILHA DO BANANAL/CANTÃO,Área de Proteção Ambiental Ilha do Bananal/Cantão
0000.21.1882,2.9786354238456236,0,1451,PARQUE ESTADUAL DO BACANGA,Parque Estadual do Bacanga
0000.21.1886,13.281874569262577,0,1451,PARQUE ESTADUAL MARINHO DO PARCEL DE MANUEL LUíS,Parque Estadual Marinho do Parcel de Manuel Luís
0000.21.1887,1.741025641025641,1,391,ÁREA DE PROTEçãO AMBIENTAL DA BAIXADA MARANHENSE,Área de Proteção Ambiental da Baixada Maranhense
0000.21.1888,1.258312020460358,0,391,ÁREA DE PROTEçãO AMBIENTAL DE UPAON-AçU / MIRITIBA / ALTO PREGUIçAS,Área de Proteção Ambiental de Upaon-Açu-Miritiba-Alto Preguiças
0000.21.1891,2.954198473282443,1,394,ESTAçãO ECOLóGICA DO SíTIO RANGEDOR,Parque Estadual do Sítio do Rangedor
0000.21.1963,4.0137931034482754,1,1451,PARQUE ESTADUAL DE MIRADOR,Parque Estadual do Mirador
0000.23.0947,3.4100620261888355,0,1451,PARQUE ESTADUAL MARINHO DA PEDRA DA RISCA DO MEIO,Parque Estadual Marinho da Pedra da Risca do Meio
0000.23.0960,5.059958649207443,0,1451,MONUMENTO NATURAL MONÓLITOS DE QUIXADÁ,Monumento Natural dos Monólitos de Quixadá
0000.23.0961,2.9641626464507236,0,1451,MONUMENTO NATURAL DAS FALÉSIAS DE BEBERIBE,Monumento Natural das Falésias de Beberibe
0000.23.0963,21.23776705720193,0,1451,PARQUE ESTADUAL DO COCÓ,Parque Estadual do Cocó
0000.24.1475,33.44521019986217,0,1451,"PARQUE ESTADUAL DUNAS DE NATAL "" JORNALISTA LUIZ MARIA ALVES",Parque Estadual Dunas de Natal
0000.25.0483,13.755341144038594,0,1451,PARQUE ESTADUAL DA PEDRA DA BOCA,Parque Estadual da Pedra da Boca
0000.25.0484,4.653342522398346,0,1451,PARQUE ESTADUAL MARINHO DE AREIA VERMELHA,Parque Estadual Marinho de Areia Vermelha
0000.25.0904,20.352860096485184,0,1451,MONUMENTO NATURAL VALE DOS DINOSSAUROS,Vale dos Dinossauros (Sousa)
0000.25.2309,2.511894273127753,0,1135,ÁREA DE PROTEÇÃO AMBIENTAL RONCADOR,Reserva Ecológica do IBGE
0000.25.2331,3.9710544452102,0,1451,ESTAçãO ECOLóGICA DO PAU BRASIL,Estação Ecológica do Pau-Brasil
0000.25.2336,3.6822880771881463,0,1451,PARQUE ESTADUAL PICO DO JABRE,Parque Estadual Pico do Jabre
0000.26.0966,21.719503790489316,0,1451,PARQUE ESTADUAL DE DOIS IRMÃOS,Parque Dois Irmãos
0000.29.0296,1.6547208821502413,0,1451,PARQUE ESTADUAL DO MORRO DO CHAPÉU,Parque Estadual do Morro do Chapéu
0000.29.0297,2.640937284631289,0,1451,PARQUE ESTADUAL DAS SETE PASSAGENS,Parque Estadual das Sete Passagens
0000.29.0325,2.1744827586206896,1,1451,PARQUE ESTADUAL DA SERRA DO CONDURU,Parque Estadual da Serra do Conduru
0000.31.0360,10.158511371467954,0,1451,MONUMENTO NATURAL ESTADUAL GRUTA REI DO MATO,Gruta Rei do Mato
0000.31.0368,10.980013783597519,0,1451,PARQUE ESTADUAL DO SUMIDOURO,Parque Estadual do Sumidouro
0000.31.0388,1.428669882839421,0,1451,PARQUE ESTADUAL BIRIBIRI,Parque Estadual do Biribiri
0000.31.0393,3.458304617505169,0,1451,PARQUE ESTADUAL SERRA NEGRA,Parque Estadual da Serra Negra
0000.31.0394,26.78497587870434,0,1451,PARQUE ESTADUAL DO RIO DOCE,Parque Estadual do Rio Doce
0000.31.0398,24.97381116471399,0,1451,PARQUE ESTADUAL SERRA DO ROLA MOÇA,Parque Estadual da Serra do Rola-Moça
0000.31.0406,7.514128187456926,0,1451,PARQUE ESTADUAL SERRA DO PAPAGAIO,Pico do Papagaio (Minas Gerais)
0000.31.0890,3.6161268090971745,0,1451,PARQUE ESTADUAL DA SERRA DO CABRAL,Parque Estadual da Serra do Cabral
0000.32.0331,3.0957960027567193,0,1451,PARQUE ESTADUAL DE ITAÚNAS,Parque Estadual de Itaúnas
0000.32.0332,9.341144038594074,0,1451,PARQUE ESTADUAL PAULO CÉSAR VINHA,Parque Estadual Paulo César Vinha
0000.32.1533,21.201240523776704,0,1451,MONUMENTO NATURAL O FRADE E A FREIRA,Frade e a Freira
0000.32.1667,2.1467953135768436,0,1451,RESERVA BIOLóGICA DE DUAS BOCAS,Reserva Biológica de Duas Bocas
0000.32.1673,30.468642315644384,0,1451,PARQUE ESTADUAL DA PEDRA AZUL,Parque Estadual da Pedra Azul
0000.32.1831,1.9462439696760854,0,1451,PARQUE ESTADUAL DA CACHOEIRA DA FUMAçA,Parque Estadual da Cachoeira da Fumaça
0000.32.1833,0.7325982081323226,0,1451,PARQUE ESTADUAL DE MATA DAS FLORES,Parque Estadual de Mata das Flores
0000.33.0728,0.9365517241379311,1,1451,RESERVA BIOLÓGICA ESTADUAL DA PRAIA DO SUL,Reserva Biológica Estadual da Praia do Sul
0000.33.1476,4.5982081323225366,0,1451,PARQUE ESTADUAL DA SERRA DA TIRIRICA,Parque Estadual da Serra da Tiririca
0000.33.1477,2.8545830461750517,0,1451,PARQUE ESTADUAL DA ILHA GRANDE,Parque Estadual da Ilha Grande
0000.33.1478,32.11922811853894,0,1451,PARQUE ESTADUAL DA PEDRA BRANCA,Parque Estadual da Pedra Branca
0000.33.1479,6.798070296347347,0,1451,PARQUE ESTADUAL DO DESENGANO,Parque Estadual do Desengano
0000.33.1480,2.6147484493452793,0,1451,PARQUE ESTADUAL DA SERRA DA CONCÓRDIA,Parque Estadual da Serra da Concórdia
0000.33.1483,0.6445824706694272,2,1451,RESERVA BIOLÓGICA DE ARARAS,Reserva Biológica de Araras
0000.33.1485,17.375603032391453,0,1451,PARQUE ESTADUAL DOS TRÊS PICOS,Parque Estadual dos Três Picos
0000.33.2732,9.674017918676775,0,1451,PARQUE ESTADUAL DA COSTA DO SOL,Parque Estadual da Costa do Sol
0000.35.0800,1.3590627153687111,0,1451,PARQUE ESTADUAL DE CAMPOS DO JORDÃO,Parque Estadual de Campos do Jordão
0000.35.0801,3.396551724137931,1,1451,PARQUE ESTADUAL DO JURUPARÁ,Parque Estadual do Jurupará
0000.35.0808,1.6505858028945555,0,1451,ESTAÇÃO ECOLÓGICA JATAÍ,Estação Ecológica Jataí
0000.35.0810,8.16815988973122,0,1451,PARQUE ESTADUAL CARLOS BOTELHO,Parque Estadual Carlos Botelho
0000.35.0816,27.30186078566506,0,1451,PARQUE ESTADUAL DO MORRO DO DIABO,Parque Estadual Morro do Diabo
0000.35.0818,0.5372413793103449,1,1451,ESTAÇÃO ECOLÓGICA MATA DO JACARÉ,Estação Ecológica Mata do Jacaré
0000.35.0823,1.0514820592823713,0,1282,PARQUE ESTADUAL DE PORTO FERREIRA,Parque Estadual de Porto Ferreira
0000.35.0825,0.8643803585346843,0,1283,PARQUE ESTADUAL DAS FURNAS DO BOM JESUS,Parque Estadual das Furnas do Bom Jesus
0000.35.0826,21.627842866988285,0,1451,PARQUE ESTADUAL TURÍSTICO DO ALTO DO RIBEIRA,Parque Estadual Turístico do Alto Ribeira
0000.35.0831,8.042039972432805,0,1451,PARQUE ESTADUAL DO JUQUERY,Parque Estadual do Juqueri
0000.35.0833,2.910406616126809,0,1451,PARQUE ESTADUAL XIXOVÁ-JAPUÍ,Parque Estadual Xixová-Japuí
0000.35.0834,4.427291523087526,0,1451,PARQUE ESTADUAL MARINHO DA LAJE DE SANTOS,Parque Estadual Marinho da Laje de Santos
0000.35.0836,2.780840799448656,0,1451,PARQUE ESTADUAL DOS MANANCIAIS DE CAMPOS DO JORDÃO,Parque Estadual dos Mananciais de Campos do Jordão
0000.35.0844,21.317022742935908,0,1451,PARQUE ESTADUAL DA CANTAREIRA,Parque Estadual da Cantareira
0000.35.0845,4.280496209510682,0,1451,PARQUE ESTADUAL DO AGUAPEÍ,Parque Estadual Aguapeí
0000.35.0853,6.440385940730531,0,1451,PARQUE ESTADUAL DE VASSUNUNGA,Parque Estadual Vassununga
0000.35.0854,1.1902136457615438,0,1451,PARQUE ESTADUAL DA CAMPINA DO ENCANTADO,Parque Estadual Campina do Encantado
0000.35.0855,3.5630599586492075,0,1451,PARQUE ESTADUAL DE ILHABELA,Parque Estadual de Ilhabela
0000.35.0856,13.595451412818745,0,1451,PARQUE ESTADUAL DA ILHA ANCHIETA,Parque Estadual da Ilha Anchieta
0000.35.0857,1.1943487250172296,0,1451,ESTAÇÃO ECOLÓGICA DOS CAETETUS,Estação Ecológica dos Caetetus
0000.35.0862,15.21157822191592,0,1451,ESTAÇÃO ECOLÓGICA JURÉIA-ITATINS,Estação Ecológica de Juréia-Itatins
0000.35.0870,1.6850447966919366,0,1451,PARQUE ESTADUAL DO RIO PEIXE,Parque Estadual do Rio Peixe
0000.35.1672,0.8497587870434183,0,1451,ESTAÇÃO ECOLÓGICA DO BARREIRO RICO,Estação Ecológica do Barreiro Rico
0000.35.1675,3.078721745908028,0,1283,PARQUE ESTADUAL CAVERNA DO DIABO,Parque Estadual Caverna do Diabo
0000.35.1676,8.465885596140593,0,1451,PARQUE ESTADUAL INTERVALES,Parque Estadual Intervales
0000.35.1677,0.9438377535101404,0,1282,PARQUE ESTADUAL DO ITINGUÇU,Parque Estadual do Itinguçu
0000.35.1678,1.0031176929072487,0,1283,PARQUE ESTADUAL LAGAMAR DE CANANEIA,Parque Estadual Lagamar de Cananéia
0000.35.1679,0.7394695787831513,0,1282,PARQUE ESTADUAL DO PRELADO,Parque Estadual do Prelado
0000.35.1687,17.90405616224649,0,1282,RDS DA BARRA DO UNA,NA
0000.35.1964,1.4453978159126366,0,1282,PARQUE ESTADUAL RESTINGA DE BERTIOGA,Parque Estadual Restinga de Bertioga
0000.35.1968,43.71330117160579,0,1451,MONUMENTO NATURAL ESTADUAL DA PEDRA DO BAú,Pedra do Baú
0000.35.2559,24.68986905582357,0,1451,PARQUE ESTADUAL ALBERTO LöFGREN,Horto Florestal de São Paulo
0000.35.2701,1.1488628532046865,0,1451,ESTAÇÃO ECOLÓGICA DE ITIRAPINA,Estação Ecológica de Itirapina
0000.35.2839,0.9021364576154376,0,1451,PARQUE ESTADUAL NASCENTES DO PARANAPANEMA,Parque Estadual Nascentes do Paranapanema
0000.41.0499,2.5671950379048933,0,1451,PARQUE ESTADUAL DO CERRADO,Parque Estadual do Cerrado
0000.41.0513,1.005513439007581,0,1451,PARQUE ESTADUAL DE CAMPINHOS,Parque Estadual de Campinhos
0000.41.0514,1.1331034482758622,1,1451,PARQUE ESTADUAL DO BOGUAÇU,Parque Estadual do Boguaçu
0000.41.0518,0.9765678842177808,0,1451,PARQUE ESTADUAL DO PAU-OCO,Parque Estadual do Pau-Oco
0000.41.0529,2.099931082012405,0,1451,PARQUE ESTADUAL DA ILHA DO MEL,Parque Estadual da Ilha do Mel
0000.41.0531,1.0323914541695383,0,1451,PARQUE ESTADUAL SERRA DA BAITACA,Parque Estadual Serra da Baitaca
0000.41.0532,0.543762922122674,0,1451,PARQUE ESTADUAL PICO PARANÁ,Parque Estadual Pico do Paraná
0000.41.0539,1.2046864231564438,0,1451,RESERVA BIOLÓGICA SÃO CAMILO,Reserva Biológica São Camilo
0000.41.0541,0.15161957270847692,0,1451,PARQUE ESTADUAL DA GRACIOSA,Parque Estadual da Graciosa
0000.41.0549,9.367332873880082,0,1451,PARQUE ESTADUAL DO GUARTELÁ,Parque Estadual do Guartelá
0000.41.0550,59.69882839421089,0,1451,PARQUE ESTADUAL DE VILA VELHA,Parque Estadual de Vila Velha
0000.42.0780,1.9958649207443142,0,1451,PARQUE ESTADUAL DA SERRA FURADA,Parque Estadual da Serra Furada
0000.42.0786,12.0434183321847,0,1451,PARQUE ESTADUAL DA SERRA DO TABULEIRO,Parque Estadual da Serra do Tabuleiro
0000.42.0789,1.2972413793103448,1,1451,PARQUE ESTADUAL FRITZ PLAUMANN,Parque Estadual Fritz Plaumann
0000.42.0791,2.0758097863542386,0,1451,PARQUE ESTADUAL ACARAI,Parque Estadual do Acaraí
0000.42.1844,3.283252929014473,0,1451,PARQUE ESTADUAL DO RIO VERMELHO,Parque Estadual do Rio Vermelho
0000.43.1018,11.257064093728463,0,1451,PARQUE ESTADUAL DO TURVO,Parque Estadual do Turvo
0000.43.1019,1.2522398345968297,0,1451,PARQUE ESTADUAL DE ESPIGãO ALTO,Parque Florestal Estadual Espigão Alto
0000.43.1863,1.8807718814610614,0,1451,PARQUE ESTADUAL DE ITAPEVA,Parque Estadual de Itapeva
0000.43.1994,6.438318401102688,0,1451,PARQUE ESTADUAL DE ITAPUã,Parque Estadual de Itapuã
0000.43.2004,1.317711922811854,0,1451,PARQUE ESTADUAL QUARTA COLôNIA,Parque Estadual da Quarta Colônia
0000.43.2005,4.328049620951068,0,1451,PARQUE ESTADUAL DO TAINHAS,Parque Estadual do Tainhas
0000.43.2008,1.1026878015161958,0,1451,RESERVA BIOLóGICA ESTADUAL MATA PALUDOSA,Reserva Biológica Estadual Mata Paludosa
0000.43.2009,0.2772413793103448,1,1451,RESERVA BIOLóGICA DO SãO DONATO,Reserva Biológica do São Donato
0000.43.3736,1.1681598897312198,0,1451,PARQUE ESTADUAL DO CAMAQUã,Parque Estadual do Camaquã
0000.50.0419,0.9469331495520331,0,1451,PARQUE ESTADUAL DO PROSA,Parque Estadual do Prosa
0000.50.0420,2.029655172413793,1,1451,PARQUE ESTADUAL DAS VÁRZEAS DO RIO IVINHEMA,Parque Estadual das Várzeas do Rio Ivinhema
0000.50.0421,0.009648518263266712,0,1451,PARQUE ESTADUAL DAS NASCENTES DO RIO TAQUARI,NA
0000.50.0422,1.606896551724138,1,1451,PARQUE ESTADUAL MATAS DO SEGREDO,Parque Estadual Mata do Segredo
0000.50.1515,0.02343211578221916,0,1451,MONUMENTO NATURAL DA GRUTA DO LAGO AZUL,Monumento Natural da Gruta do Lago Azul
0000.51.0448,2.77394900068918,0,1451,PARQUE ESTADUAL SERRA RICARDO FRANCO,Parque Estadual da Serra de Ricardo Franco
0000.51.0462,2.346657477601654,0,1451,PARQUE ESTADUAL SERRA SANTA BÁRBARA,Parque Estadual Serra de Santa Bárbara
0000.51.0464,9.509303928325293,0,1451,PARQUE ESTADUAL MÃE BONIFÁCIA,Parque Mãe Bonifácia
0000.51.0465,1.4135079255685734,0,1451,PARQUE ESTADUAL GRUTA DA LAGOA AZUL,Parque Estadual Gruta da Lagoa Azul
0000.51.0470,1.3783597518952446,0,1451,PARQUE ESTADUAL DO XINGU,Parque Estadual do Xingu
0000.51.0472,1.019986216402481,0,1451,PARQUE ESTADUAL SERRA AZUL,Parque Estadual da Serra Azul
0000.51.0477,0.5337931034482759,1,1451,PARQUE ESTADUAL DO GUIRÁ,Parque Estadual Guirá
0000.51.1901,3.33907649896623,0,1451,PARQUE ESTADUAL CRISTALINO,Parque Estadual do Cristalino
0000.51.1916,1.335630599586492,0,1451,PARQUE ESTADUAL ENCONTRO DAS ÁGUAS,Parque Estadual Encontro das Águas
0000.52.0899,2.1509303928325294,0,1451,PARQUE ESTADUAL ALTAMIRO DE MOURA PACHECO,Parque Estadual Altamiro de Moura Pacheco
0000.52.1738,6.72157133011716,0,1451,PARQUE ESTADUAL DA SERRA DE CALDAS NOVAS,Parque Estadual da Serra de Caldas Novas
0000.52.1739,7.241212956581668,0,1451,PARQUE ESTADUAL DOS PIRINEUS,Parque Estadual dos Pirineus
0000.52.1740,8.0289455547898,0,1451,PARQUE ESTADUAL DE TERRA RONCA,Parque Estadual Terra Ronca
0000.52.1744,1.1516195727084768,0,1451,PARQUE ESTADUAL DO ARAGUAIA,Parque Estadual do Araguaia
0000.52.1745,3.305995864920744,0,1451,PARQUE ESTADUAL DA SERRA DOURADA,Parque Estadual da Serra Dourada
0000.53.1634,14.306685044796692,0,1451,ESTAÇÃO ECOLÓGICA DE ÁGUAS EMENDADAS,Estação Ecológica de Águas Emendadas
0455.33.1788,5.681598897312199,0,1451,ÁREA DE PROTEÇÃO AMBIENTAL DO PARQUE MUNICIPAL ECOLÓGICO DE MARAPENDI,Reserva de Marapendi
0520.32.2778,0.698828394210889,0,1451,PARQUE NATURAL MUNICIPAL DE JACARENEMA,Parque Natural Municipal de Jacarenema
0530.32.2644,5.419710544452102,0,1451,PARQUE ESTADUAL DA FONTE GRANDE,Parque Estadual da Fonte Grande
0810.24.1851,16.955203308063403,0,1451,PARQUE NATURAL MUNICIPAL DA CIDADE DO NATAL DOM NIVALDO MONTE,Parque da Cidade Dom Nivaldo Monte
4730.35.2799,0.8373535492763611,0,1451,RESERVA BIOLóGICA TAMBORé,Reserva Biológica Tamboré
0000.00.0005,1.2358620689655173,1,1451,ÁREA DE PROTEÇÃO AMBIENTAL DA BACIA DO RIO SÃO JOÃO - MICO LEÃO,Área de Proteção Ambiental da Bacia do Rio São João - Mico Leão
0000.00.0006,0.8572413793103448,1,1451,ÁREA DE PROTEÇÃO AMBIENTAL DA BALEIA FRANCA,Área de Proteção Ambiental da Baleia Franca
0000.00.0014,1.8152997932460373,0,1451,ÁREA DE PROTEÇÃO AMBIENTAL DE CANANÉIA-IGUAPÉ-PERUÍBE,Área de Proteção Ambiental de Cananéia-Iguapé-Peruíbe
0000.00.0016,0.1724137931034483,1,1451,ÁREA DE PROTEÇÃO AMBIENTAL DE GUAPI-MIRIM,Área de Proteção Ambiental de Guapi-Mirim
0000.00.0019,5.191358024691358,0,162,ÁREA DE PROTEÇÃO AMBIENTAL DELTA DO PARNAIBA,Área de Proteção Ambiental Delta do Parnaíba
0000.00.0023,2.0482425913163333,0,1451,ÁREA DE PROTEÇÃO AMBIENTAL DO PLANALTO CENTRAL,Área de Proteção Ambiental do Planalto Central
0000.00.0025,2.3071083505866117,2,1451,ÁREA DE PROTEÇÃO AMBIENTAL ILHAS E VÁRZEAS DO RIO PARANÁ,Área de Proteção Ambiental Ilhas e Várzeas do Rio Paraná
0000.00.0035,2.186767746381806,0,1451,ÁREA DE RELEVANTE INTERESSE ECOLÓGICA FLORESTA DA CICUTA,Área de Relevante Interesse Ecológico Floresta da Cicuta
0000.00.0037,156.9944865609924,0,1451,ÁREA DE RELEVANTE INTERESSE ECOLÓGICO ILHAS QUEIMADA GRANDE E QUEIMADA PEQUENA,Área de Relevante Interesse Ecológico Ilhas Queimada Grande e Queimada Pequena
0000.00.0039,0.44245348035837356,0,1451,ÁREA DE RELEVANTE INTERESSE ECOLÓGICA MANGUEZAIS DA FOZ DO RIO MAMANGUAPE,Área de Relevante Interesse Ecológico Manguezais da Foz do Rio Mamanguape
0000.00.0041,0.6581667815299793,0,1451,ÁREA DE RELEVANTE INTERESSE ECOLÓGICA MATÃO DE COSMÓPOLIS,Área de Relevante Interesse Ecológico Matão de Cosmópolis
0000.00.0045,1.2924137931034483,1,1451,ÁREA DE RELEVANTE INTERESSE ECOLÓGICA SERRA DA ABELHA,Área de Relevante Interesse Ecológico Serra da Abelha
0000.00.0049,17.76774638180565,0,1451,PARQUE NACIONAL DE ANAVILHANAS,Parque Nacional de Anavilhanas
0000.00.0057,5.73604410751206,0,1451,ESTAÇÃO ECOLÓGICA DE MARACÁ,Reserva Biológica Ilha de Maracá
0000.00.0077,0.7924137931034483,1,1451,FLORESTA NACIONAL DE ASSUNGUI,Floresta Nacional Açungui
0000.00.0078,2.904893177119228,0,1451,FLORESTA NACIONAL DE CAÇADOR,Floresta Nacional de Caçador
0000.00.0079,0.9213793103448276,1,1451,FLORESTA NACIONAL DE CAPÃO BONITO,Floresta Nacional de Capão Bonito
0000.00.0080,1.9137931034482758,1,1451,FLORESTA NACIONAL DE CHAPECÓ,Floresta Nacional Chapecó
0000.00.0085,0.39379310344827584,1,1451,FLORESTA NACIONAL DE BALATA-TUFARI,Floresta Nacional de Balata-Tufari
0000.00.0087,1.3873190902825638,0,1451,FLORESTA NACIONAL DE CANELA,Floresta Nacional de Canela
0000.00.0093,1.7482758620689656,1,1451,FLORESTA NACIONAL DE IBIRAMA,Floresta Nacional de Ibirama
0000.00.0094,5.836664369400413,0,1451,FLORESTA NACIONAL DE IPANEMA,Floresta Nacional de Ipanema
0000.00.0101,0.7543133195307108,2,1451,FLORESTA NACIONAL DE PACOTUBA,Floresta Nacional de Pacotuba
0000.00.0102,1.077092511013216,1,455,FLORESTA NACIONAL DE PALMARES,Floresta Nacional de Palmares
0000.00.0103,1.3694004135079256,0,1451,FLORESTA NACIONAL DE PARAOPEBA,Floresta Nacional de Paraopeba
0000.00.0104,0.642315644383184,0,1451,FLORESTA NACIONAL DE PAU-ROSA,Floresta Nacional de Pau-Rosa
0000.00.0107,0.3137931034482759,1,1451,FLORESTA NACIONAL DE SANTA ROSA DO PURUS,Floresta Nacional de Santa Rosa dos Purus
0000.00.0108,0.27881297446514836,2,1451,FLORESTA NACIONAL DE SÃO FRANCISCO,Floresta Nacional de São Francisco
0000.00.0111,0.7753273604410751,0,1451,FLORESTA NACIONAL DE SOBRAL,Floresta Nacional de Sobral
0000.00.0115,9.902136457615438,0,1451,FLORESTA NACIONAL DO ARARIPE-APODI,Floresta Nacional do Araripe-Apodi
0000.00.0118,2.127586206896552,1,1451,FLORESTA NACIONAL DO JAMARI,Floresta Nacional do Jamari
0000.00.0119,0.4479669193659545,0,1451,FLORESTA NACIONAL DE JATUARANA,Floresta Nacional de Jatuarana
0000.00.0125,1.1302549965541007,0,1451,FLORESTA NACIONAL DE IRATI,Floresta Nacional de Irati
0000.00.0126,0.23241379310344829,1,1451,FLORESTA NACIONAL DE MAPIÁ-INAUINÍ,Floresta Nacional de Mapiá-Inauiní
0000.00.0127,2.311509303928325,0,1451,FLORESTA NACIONAL DE MÁRIO XAVIER,Floresta Nacional Mário Xavier
0000.00.0130,1.8931771192281186,0,1451,FLORESTA NACIONAL DE PASSO FUNDO,Floresta Nacional de Passo Fundo
0000.00.0131,1.2282758620689656,1,1451,FLORESTA NACIONAL DE PIRAÍ DO SUL,Floresta Nacional de Piraí do Sul
0000.00.0137,331.81943487250174,0,1451,PARQUE NACIONAL DA CHAPADA DIAMANTINA,Chapada Diamantina
0000.00.0154,54.31909028256375,0,1451,PARQUE NACIONAL DA TIJUCA,Parque Nacional da Tijuca
0000.00.0172,78.98001378359751,0,1451,PARQUE NACIONAL DO IGUAÇU,Parque Nacional do Iguaçu
0000.00.0186,703.0944176430048,0,1451,PARQUE NACIONAL MAR. DE FERNANDO DE NORONHA,Fernando de Noronha
0000.00.0190,2.9682977257064094,0,1451,REFUGIO DE VIDA SILVESTRE ILHA DOS LOBOS,Refúgio de Vida Silvestre da Ilha dos Lobos
0000.00.0201,2.4038594073053066,0,1451,RESERVA BIOLÓGICA DE SOORETAMA,Reserva Biológica de Sooretama
0000.00.0218,0.6494133885438234,2,1451,RESERVA DE DESENVOLVIMENTO SUSTENTáVEL ITATUPã-BAQUIá,Reserva de Desenvolvimento Sustentável de Itatupã-Baquiá
0000.00.0219,1.04623878536922,2,1451,REFUGIO DE VIDA SILVESTRE VEREDAS DO OESTE BAIANO,Refúgio de Vida Silvestre das Veredas do Oeste Baiano
0000.00.0220,0.5668965517241379,1,1451,RESERVA EXTRATIVISTA AUATÍ-PARANÁ,Reserva Extrativista Auatí-Paraná
0000.00.0221,0.42137931034482756,1,1451,RESERVA EXTRATIVISTA BARREIRO DAS ANTAS,Reserva Extrativista Barreiro das Antas
0000.00.0225,0.7808407994486561,0,1451,RESERVA EXTRATIVISTA MARINHA DO DELTA DO PARNAIBA,Reserva Extrativista Marinha do Delta do Parnaíba
0000.00.0226,0.6420689655172414,1,1451,RESERVA EXTRATIVISTA MATA GRANDE,Reserva Extrativista da Mata Grande
0000.00.0241,0.4824259131633356,0,1451,RESERVA EXTRATIVISTA IPAÚ-ANILZINHO,Reserva Extrativista Ipaú-Anilzinho
0000.00.0257,0.9613793103448276,1,1451,RESERVA EXTRATIVISTA RIOZINHO DA LIBERDADE,Reserva Extrativista Riozinho da Liberdade
0000.00.0258,0.4079944865609924,0,1451,RESERVA EXTRATIVISTA RIOZINHO DO ANFRÍSIO,Reserva Extrativista Riozinho do Anfrísio
0000.00.0273,0.696551724137931,1,1451,RESERVA EXTRATIVISTA ARIÓCA PRUANÃ,Reserva Extrativista Arioca Pruanã
0000.00.0278,1.2048275862068965,1,1451,REFÚGIO DE VIDA SILVESTRE DOS CAMPOS DE PALMAS,Refúgio de Vida Silvestre dos Campos de Palmas
0000.00.0279,0.7374224672639559,0,1451,RESERVA EXTRATIVISTA DE CURURUPU,Reserva Extrativista de Cururupu
0000.00.0280,0.2929014472777395,0,1451,RESERVA EXTRATIVISTA RIO IRIRI,Reserva Extrativista Rio Iriri
0000.00.0283,0.7179310344827586,1,1451,RESERVA EXTRATIVISTA DO RIO UNINI,Reserva Extrativista Rio Unini
0000.00.0284,2.4356060606060606,0,1320,PARQUE NACIONAL DOS CAMPOS AMAZÔNICOS,Parque Nacional dos Campos Amazônicos
0000.00.0285,0.8848275862068965,1,1451,RESERVA EXTRATIVISTA ARAPIXI,Reserva Extrativista Arapixi
0000.00.0286,0.5293305728088337,2,1451,RESERVA EXTRATIVISTA DO RECANTO DAS ARARAS DE TERRA RONCA,Reserva Extrativista do Recanto das Araras de Terra Ronca
0000.00.0287,0.8124137931034483,1,1451,RESERVA EXTRATIVISTA LAGO DO CEDRO,Reserva Extrativista Lago do Cedro
0000.00.0288,1.2129565816678154,0,1451,RESERVA EXTRATIVISTA GURUPÁ-MELGAÇO,Reserva Extrativista Gurupá-Melgaço
0000.00.1247,46.45348035837353,0,1451,RESERVA PARTICULAR DO PATRIMÔNIO NATURAL SANTUÁRIO CARAÇA,Serra do Caraça
0000.00.1381,6.273604410751206,0,1451,RESERVA PARTICULAR DO PATRIMÔNIO NATURAL FAZENDA NÃO ME DEIXES,Fazenda Não Me Deixes
0000.00.1519,0.7139903514817367,0,1451,RESERVA EXTRATIVISTA DO CIRIÁCO,Reserva Extrativista do Ciriaco
0000.00.1520,0.4321157822191592,0,1451,RESERVA EXTRATIVISTA QUILOMBO DO FRECHAL,Reserva Extrativista do Quilombo do Frechal
0000.00.1635,0.4903448275862069,1,1451,RESERVA EXTRATIVISTA RIO XINGU,Reserva Extrativista Rio Xingu
0000.00.1810,0.476551724137931,1,1451,RESERVA EXTRATIVISTA RENASCER,Reserva Extrativista Renascer
0000.00.2101,0.9656946826758147,1,584,RESERVA PARTICULAR DO PATRIMÔNIO NATURAL ESTAÇÃO VERACEL,Reserva Particular do Patrimônio Natural Estação Veracel/Veracruz
0000.00.3432,16.33631977946244,0,1451,REFÚGIO DE VIDA SILVESTRE DO ARQUIPÉLAGO DE ALCATRAZES,Alcatrazes
0000.00.3519,1.591503267973856,0,612,PARQUE NACIONAL DOS CAMPOS FERRUGINOSOS,Parque Nacional dos Campos Ferruginosos
0000.00.3651,0.4406779661016949,1,237,RESERVA EXTRATIVISTA ITAPETININGA,Reserva Extrativista Itapetininga
0000.00.3652,4.989795918367347,0,196,PARQUE NACIONAL DO BOQUEIRãO DA ONçA,Parque Nacional do Boqueirão da Onça
0000.00.3653,1.4122448979591837,1,246,RESERVA EXTRATIVISTA DA BAíA DO TUBARãO,Reserva Extrativista Baía do Tubarão
0000.00.3654,0.6033755274261603,0,237,RESERVA EXTRATIVISTA ARAPIRANGA-TROMAí,Reserva Extrativista de Arapiranga-Tromaí
0000.00.3694,0.7751677852348994,0,298,REFúGIO DA VIDA SILVESTRE DA ARARINHA AZUL,Refúgio de Vida Silvestre da Ararinha-azul
0000.00.3696,1.138047138047138,1,298,ÁREA DE PROTEçãO AMBIENTAL DA ARARINHA AZUL,Área de Proteção Ambiental da Ararinha-azul
0000.12.0940,0.3917241379310345,1,1451,ÁREA DE PROTEÇÃO AMBIENTAL IGARAPÉ SÃO FRANCISCO,Área de Proteção Ambiental Igarapé São Francisco
0000.12.0941,0.41379310344827586,1,1451,ÁREA DE PROTEÇÃO AMBIENTAL LAGO DO AMAPÁ,Área de Proteção Ambiental Lago do Amapá
0000.13.1006,0.7057201929703653,0,1451,PARQUE ESTADUAL RIO NEGRO SETOR SUL,Parque Estadual Rio Negro Setor Sul
0000.15.1021,7.780840799448656,0,1451,PARQUE ESTADUAL DA SERRA DOS MARTÍRIOS/ANDORINHAS,Serra das Andorinhas
0000.15.1023,18.766368022053754,0,1451,ÁREA DE PROTEÇÃO AMBIENTAL DO ARQUIPÉLAGO DO MARAJÓ,Arquipélago do Marajó
0000.15.1027,5.212956581667815,0,1451,ÁREA DE PROTEÇÃO AMBIENTAL DA ILHA DO COMBU,Área de Proteção Ambiental da Ilha do Combu
0000.15.1881,0.3947550034506556,2,1451,REFúGIO DE VIDA SILVESTRE METRóPOLE DA AMAZôNIA,Refúgio de Vida Silvestre Metrópole da Amazônia
0000.15.3478,0.41839762611275966,1,338,REFúGIO DE VIDA SILVESTRE TABULEIRO DO EMBAUBAL,Refúgio de Vida Silvestre Tabuleiro do Embaubal
0000.15.3479,0.17507418397626112,1,338,REFúGIO DE VIDA SILVESTRE PADRE SéRGIO TONETTO,Refúgio de Vida Silvestre Padre Sérgio Tonetto
0000.15.3480,0.13095238095238096,2,338,RESERVA DE DESENVOLVIMENTO SUSTENTáVEL VITóRIA DE SOUZEL,Reserva de Desenvolvimento Sustentável Vitória de Souzel
0000.15.3481,0.16964285714285715,2,338,RESERVA DE DESENVOLVIMENTO SUSTENTáVEL CAMPO DAS MANGABAS,Reserva de Desenvolvimento Sustentável Campo das Mangabas
0000.17.1489,1.9355531686358753,0,931,MONUMENTO NATURAL DAS ÁRVORES FOSSILIZADAS,Monumento Natural das Árvores Fossilizadas do Tocantins
0000.21.1885,2.4810475534114405,0,1451,ÁREA DE PROTEçãO AMBIENTAL DAS REENTRâNCIAS MARANHENSES,Área de Proteção Ambiental das Reentrâncias Maranhenses
0000.21.1889,0.7058823529411765,0,391,ÁREA DE PROTEçãO AMBIENTAL DA FOZ DO RIO DAS PREGUIçAS - PEQUENOS LENçóIS - REGIãO LAGUNAR ADJACENTE,Área de Proteção Ambiental da Foz do Rio das Preguiças-Pequenos Lençóis-Região Lagunar Adjacente
0000.21.1890,3.489847715736041,0,394,ÁREA DE PROTEçãO AMBIENTAL DO ITAPIRACó,Área de Proteção Ambiental do Itapiracó
0000.21.1892,1.6240409207161126,0,391,ÁREA DE PROTEçãO AMBIENTAL DOS MORROS GARAPENSES,APA dos Morros Garapenses
0000.21.1893,1.5115089514066495,0,391,ÁREA DE PROTEçãO AMBIENTAL DA REGIãO DO MARACANã,Área de Proteção Ambiental da Região do Maracanã
0000.23.0946,1.5919661733615222,0,1419,ÁREA DE PROTEÇÃO AMBIENTAL DA SERRA DE BATURITÉ,Área de Proteção Ambiental da Serra de Baturité
0000.23.0951,0.6933149552033081,0,1451,ÁREA DE PROTEÇÃO AMBIENTAL DO ESTUÁRIO DO RIO CEARÁ,Área de Proteção Ambiental do Estuário do Rio Ceará
0000.23.0959,0.4293590627153687,0,1451,ÁREA DE PROTEÇÃO AMBIENTAL DO RIO PACOTI,Área de Proteção Ambiental do Rio Pacoti
0000.23.1932,0.5993103448275862,1,1451,ÁREA DE RELEVANTE INTERESSE ECOLÓGICO DO SÍTIO CURIÓ,Área de Relevante Interesse Ecológico do Sítio Curió
0000.24.1468,1.8215024121295658,0,1451,RESERVA DE DESENVOLVIMENTO SUSTENTáVEL ESTADUAL PONTA DO TUBARãO,Reserva de Desenvolvimento Sustentável Estadual Ponta do Tubarão
0000.24.1473,0.5186206896551724,1,1451,PARQUE ESTADUAL MATA DA PIPA,Parque Estadual Mata da Pipa
0000.25.0485,1.2942798070296346,0,1451,ÁREA DE PROTEÇÃO AMBIENTAL DAS ONÇAS,Área de Proteção Ambiental das Onças
0000.25.0488,1.016540317022743,0,1451,PARQUE ESTADUAL MATA DO XEM-XÉM,Unidade de Conservação Estadual da Mata do Xem-Xem
0000.25.0490,1.573793103448276,1,1451,ÁREA DE PROTEÇÃO AMBIENTAL DE TAMBABA,Área de Proteção Ambiental de Tambaba
0000.25.0901,3.476223294279807,0,1451,PARQUE ESTADUAL MATA DO PAU FERRO,Parque Estadual Mata do Pau-Ferro
0000.25.2330,0.7625948930296756,2,1451,ÁREA DE RELEVANTE INTERESSE ECOLóGICO DE GOIAMUNDUBA,Unidade de Conservação Estadual Mata de Goiamunduba
0000.25.2333,1.0096551724137932,1,1451,PARQUE ESTADUAL DO ARATU,Parque Estadual Mata do Aratu
0000.26.3330,1.560303239145417,0,1451,REFúGIO DA VIDA SILVESTRE MATA DO ENGENHO UCHôA,Mata do Engenho Uchôa
0000.29.0315,2.4755341144038594,0,1451,ÁREA DE PROTEÇÃO AMBIENTAL LAGOAS E DUNAS DO ABAETÉ,Área de Proteção Ambiental das Lagoas e Dunas do Abaeté
0000.29.0320,1.7966919365954515,0,1451,ÁREA DE PROTEÇÃO AMBIENTAL BAÍA DE TODOS OS SANTOS,Área de Proteção Ambiental da Baía de Todos-os-Santos
0000.29.0321,2.203448275862069,1,1451,ÁREA DE PROTEÇÃO AMBIENTAL BACIA DO COBRE / SÃO BARTOLOMEU,Área de Proteção Ambiental Bacia do Cobre - São Bartolomeu
0000.31.0385,10.192281185389387,0,1451,PARQUE ESTADUAL SERRA DO BRIGADEIRO,Parque Estadual Serra do Brigadeiro
0000.31.0403,2.4279807029634735,0,1451,PARQUE ESTADUAL SETE SALÕES,Parque Estadual de Sete Salões
0000.31.0405,0.8117241379310345,1,1451,ÁREA DE PROTEÇÃO AMBIENTAL ÁGUAS VERTENTES,Área de Proteção Ambiental Estadual das Águas Vertentes
0000.31.0409,0.8908794788273615,1,1229,PARQUE ESTADUAL RIO CORRENTE,Parque Estadual do Rio Corrente
0000.31.0410,1.6396103896103895,0,1232,PARQUE ESTADUAL SERRA DA CANDONGA,Parque Estadual Serra da Candonga
0000.31.0413,6.553411440385941,0,1451,PARQUE ESTADUAL DO ITACOLOMI,Parque Estadual do Itacolomi
0000.31.1762,1.933103448275862,1,1451,PARQUE ESTADUAL SERRA DO INTENDENTE,Parque Estadual Serra do Intendente
0000.31.1770,0.623448275862069,1,1451,PARQUE ESTADUAL PAU FURADO,Parque Estadual do Pau Furado
0000.31.2619,2.4431426602343214,0,1451,PARQUE ESTADUAL SERRA DO OURO BRANCO,Parque Estadual da Serra do Ouro Branco
0000.32.0336,1.0972413793103448,1,1451,ÁREA DE PROTEÇÃO AMBIENTAL CONCEIÇÃO DA BARRA,Área de Proteção Ambiental de Conceição da Barra
0000.32.1534,2.027567195037905,0,1451,PARQUE ESTADUAL DO FORNO GRANDE,Parque Estadual do Forno Grande
0000.33.0727,1.3053066850447967,0,1451,ÁREA DE PROTEÇÃO AMBIENTAL DA SERRA DE SAPIATIBA,Serra de Sapiatiba
0000.33.0729,2.2763611302549966,0,1451,ÁREA DE PROTEÇÃO AMBIENTAL DE MARICÁ,Área de proteção ambiental de Maricá
0000.33.1481,2.3825,0,800,ESTAÇÃO ECOLÓGICA ESTADUAL DE GUAXINDIBA,Estação Ecológica Estadual de Guaxindiba
0000.33.1620,1.673328738800827,0,1451,PARQUE ESTADUAL CUNHAMBEBE,Parque Estadual Cunhambebe
0000.33.2721,1.1719745222929936,2,159,PARQUE ESTADUAL DA LAGOA DO AÇU,Parque Estadual da Lagoa do Açú
0000.35.0798,25.44038594073053,0,1451,PARQUE ESTADUAL DA SERRA DO MAR,Parque Estadual da Serra do Mar
0000.35.0841,18.630599586492075,0,1451,PARQUE ESTADUAL DA ILHA DO CARDOSO,Parque Estadual da Ilha do Cardoso
0000.35.0852,5.199172984148863,0,1451,FLORESTA ESTADUAL EDMUNDO NAVARRO DE ANDRADE,Floresta Estadual Edmundo Navarro de Andrade
0000.35.0859,11.766368022053756,0,1451,PARQUE ESTADUAL DO JARAGUÁ,Parque Estadual do Jaraguá
0000.35.0913,0.8487918939984411,0,1283,PARQUE ESTADUAL DA ARA,Parque Estadual da Assessoria de Referência Agrária
0000.35.1700,2.1826625386996903,0,646,"APA CORUMBATAí, BOTUCATU E TEJUPá PERIMETRO CORUMBATAí","Área de Proteção Ambiental Corumbataí, Botucatu e Tejupá"
0000.35.1703,1.4989662301860787,0,1451,APA ITUPARARANGA,Área de Proteção Ambiental de Itupararanga
0000.35.1707,1.093039283252929,0,1451,APA PARQUE E FAZENDA DO CARMO,Área de Proteção Ambiental Parque e Fazenda do Carmo
0000.35.1716,1.740868366643694,0,1451,APA SERRA DO MAR,Área de Proteção Ambiental da Serra do Mar
0000.35.1965,0.9422776911076443,0,1282,PARQUE ESTADUAL DE ITAPETINGA,Parque Estadual do Itapetinga
0000.35.1966,1.250390015600624,0,1282,PARQUE ESTADUAL DE ITABERABA,Parque Estadual Itaberaba
0000.35.1967,18.600964851826326,0,1451,MONUMENTO NATURAL ESTADUAL DA PEDRA GRANDE,Monumento Natural Estadual da Pedra Grande
0000.35.1969,1.1279251170046802,0,1282,PARQUE ESTADUAL DO RIO TURVO,Parque Estadual do Rio Turvo
0000.35.1972,2.1826625386996903,0,646,APA CORUMBATAÍ BOTUCATU TEJUPA PERIMETRO BOTUCATU,"Área de Proteção Ambiental Corumbataí, Botucatu e Tejupá"
0000.35.1973,2.1826625386996903,0,646,APA CORUMBATAÍ BOTUCATU TEJUPÁ PERIMETRO TEJUPá,"Área de Proteção Ambiental Corumbataí, Botucatu e Tejupá"
0000.35.2699,0.4573529411764706,0,680,ESTAçãO ECOLóGICA DE SANTA BáRBARA,Estação Ecológica de Santa Bárbara
0000.35.2867,12.74500344589938,0,1451,PARQUE ESTADUAL DAS FONTES DO IPIRANGA,Parque Estadual das Fontes do Ipiranga
0000.35.2936,0.6071674707098552,0,1451,ESTAçãO ECOLóGICA DE ANGATUBA,Estação Ecológica Angatuba
0000.41.0498,12.025085518814139,0,877,ÁREA DE PROTEÇÃO AMBIENTAL ESTADUAL DA ESCARPA DEVONIANA,Área de Proteção Ambiental da Escarpa Devoniana
0000.41.0501,2.136551724137931,1,1451,ÁREA DE PROTEÇÃO AMBIENTAL DO IRAÍ,Área de Proteção Ambiental do Iraí
0000.41.0505,0.7468965517241379,1,1451,PARQUE ESTADUAL DO RIO GUARANI,Parque Estadual do Rio Guarani
0000.41.0511,1.244658855961406,0,1451,PARQUE ESTADUAL DO LAGO AZUL,Parque Estadual Lago Azul
0000.41.0525,0.4586206896551724,1,1451,PARQUE ESTADUAL DO PENHASCO VERDE,Parque Estadual do Penhasco Verde
0000.41.0527,2.2329427980702965,0,1451,PARQUE ESTADUAL DA MATA DO GODOY,Mata dos Godoy
0000.41.0534,0.5517241379310345,1,1451,PARQUE ESTADUAL DO CAXAMBU,Parque Estadual de Caxambu
0000.41.0540,13.629910406616126,0,1451,PARQUE ESTADUAL DO PICO MARUMBI,Conjunto Marumbi
0000.41.0546,0.7594762232942798,0,1451,PARQUE ESTADUAL DAS LAURÁCEAS,Parque Estadual das Lauráceas
0000.41.0547,8.677463818056513,0,1451,PARQUE ESTADUAL JOÃO PAULO II,Bosque do Papa
0000.41.0552,0.4206896551724138,1,1451,PARQUE ESTADUAL DE PALMAS,Parque Estadual de Palmas
0000.41.1576,1.3041379310344827,1,1451,PARQUE ESTADUAL VALE DO CóDO,Parque Estadual do Vale do Codó
0000.41.1577,1.3749138525155065,0,1451,MONUMENTO NATURAL GRUTA DA LANCINHA,Gruta da Lancinha
0000.41.3183,0.7068965517241379,1,1451,PARQUE ESTADUAL DE AMAPORÃ,Parque Estadual de Amaporã
0000.42.0787,0.7351724137931035,1,1451,PARQUE ESTADUAL RIO CANOAS,Parque Estadual Rio Canoas
0000.42.0788,0.906896551724138,1,1451,PARQUE ESTADUAL DAS ARAUCÁRIAS,Parque Estadual Bosque das Araucárias
0000.43.1020,5.980013783597519,0,1451,PARQUE ESTADUAL DO ESPINILHO,Parque Estadual do Espinilho
0000.43.1987,0.7144827586206897,1,1451,ÁREA DE PROTEçãO AMBIENTAL ESTADUAL DELTA DO JACUí,Área de Proteção Ambiental Delta do Jacuí
0000.43.1988,2.009648518263267,0,1451,ÁREA DE PROTEÇÃO AMBIENTAL DO BANHADO GRANDE,Área de Proteção Ambiental do Banhado Grande
0000.43.1993,0.6344827586206897,1,1451,RESERVA BIOLóGICA DO MATO GRANDE,Reserva Biológica do Mato Grande
0000.43.1995,0.74,1,1451,ESTAçãO ECOLóGICA ESTADUAL ARATINGA,Estação Ecológica Estadual Aratinga
0000.43.1996,1.2213793103448276,1,1451,ÁREA DE PROTEçãO AMBIENTAL ROTA DO SOL,Área de Proteção Ambiental Rota do Sol
0000.43.2000,1.5751724137931034,1,1451,PARQUE ESTADUAL DO DELTA DO JACUí,Parque Estadual Delta do Jacuí
0000.43.2001,0.6386206896551724,1,1451,PARQUE ESTADUAL DO IBITIRIá,Parque Estadual do Ibitiriá
0000.43.2002,0.13940648723257418,2,1451,PARQUE ESTADUAL DO PAPAGAIO-CHARãO,Parque Estadual do Papagaio-Charão
0000.43.2003,1.038594073053067,0,1451,PARQUE ESTADUAL DO PODOCARPUS,Parque Estadual do Podocarpus
0000.43.2006,1.301171605789111,0,1451,REFúGIO DE VIDA SILVESTRE BANHADO DOS PACHECOS,Refúgio de Vida Silvestre Banhado dos Pachecos
0000.43.2007,1.5472088215024122,0,1451,RESERVA BIOLóGICA DO IBIRAPUITã,Reserva Biológica do Ibirapuitã
0000.43.2010,0.6744827586206896,1,1451,RESERVA BIOLóGICA DA SERRA GERAL,Reserva Biológica da Serra Geral
0000.50.0423,1.2543073742246726,0,1451,PARQUE ESTADUAL DO PANTANAL DO RIO NEGRO,Parque Estadual do Pantanal do Rio Negro
0000.51.1902,3.33907649896623,0,1451,PARQUE ESTADUAL CRISTALINO II,Parque Estadual do Cristalino
0000.52.0900,1.4551724137931035,1,1451,ÁREA DE PROTEÇÃO AMBIENTAL POUSO ALTO,Área de Proteção Ambiental Pouso Alto
0000.52.1743,0.7218771566597654,2,1451,PARQUE ESTADUAL DE PARAÚNA,Parque Estadual de Paraúna
0000.52.1751,1.5444521019986217,0,1451,ÁREA DE PROTEÇÃO AMBIENTAL SERRA DA JIBÓIA,Área de Proteção Ambiental Serra da Jibóia
0000.53.1640,0.4962095106822881,0,1451,APA DE CAFURINGA,Área de Proteção Ambiental de Cafuringa
0080.15.1960,1.3357843137254901,1,409,AREA DE RELEVANTE INTERESSE ECOLOGICO PARQUE AMBIENTAL ANTONIO DANUBIO LOURENÇO DA SILVA,Parque Ambiental Antonio Danúbio
0080.15.2663,1.3333333333333333,1,409,AREA DE RELEVANTE INTERESSE ECOLOGICO MUSEU PARQUE SERINGAL,Museu Parque Seringal
0220.32.2039,1.3969676085458305,0,1451,PARQUE NATURAL MUNICIPAL GOIAPABA-AçU,Parque Municipal do Goiapaba-Açu
0240.32.2939,1.4465885596140593,0,1451,PARQUE NATURAL MUNICIPAL MORRO DA PESCARIA,Parque Natural Municipal Morro da Pescaria
0350.33.1580,8.009648518263267,0,1451,PARQUE NATURAL MUNICIPAL DE NOVA IGUAÇU,Parque Municipal de Nova Iguaçu
0440.23.3295,0.9289164941338854,2,1451,PARQUE NATURAL MUNICIPAL DAS DUNAS DA SABIAGUABA,Parque Natural Municipal das Dunas de Sabiaguaba
0455.33.1785,5.481736733287388,0,1451,PARQUE NATURAL MUNICIPAL DA FREGUESIA,Bosque da Freguesia
0455.33.1786,10.8263266712612,0,1451,PARQUE NATURAL MUNICIPAL BOSQUE DA BARRA,Bosque da Barra
0455.33.1789,5.681598897312199,0,1451,PARQUE NATURAL MUNICIPAL DE MARAPENDI,Reserva de Marapendi
0455.33.1790,9.416264645072363,0,1451,PARQUE NATURAL MUNICIPAL CHICO MENDES,Parque Ecológico Chico Mendes
0455.33.1802,10.607856650585802,0,1451,PARQUE NATURAL MUNICIPAL DA CIDADE,Parque da Cidade (Rio de Janeiro)
0530.32.2646,1.3441379310344828,1,1451,PARQUE NATURAL MUNICIPAL GRUTA DA ONçA,Parque Municipal Gruta da Onça
0790.51.3196,1.4403859407305306,0,1451,PARQUE NATURAL MUNICIPAL PARQUE FLORESTAL DE SINOP,Parque Ecológico de Sinop
1750.31.3155,0.9547872340425532,1,377,PARQUE NATURAL MUNICIPAL DO TABULEIRO,Parque Natural Municipal do Tabuleiro
2300.43.3400,3.319779462439697,0,1451,PARQUE NATURAL MUNICIPAL SAINT HILAIRE,Parque Natural Municipal Saint’Hilaire
3670.31.3597,3.894555478980014,0,1451,PARQUE NATURAL MUNICIPAL DA LAJINHA,Parque da Lajinha
4780.35.2580,2.344589937973811,0,1451,PARQUE NATURAL MUNICIPAL DO PEDROSO,Parque do Pedroso
4870.35.2955,3.2949640287769784,0,417,PARQUE NATURAL MUNICIPAL ESTORIL - VIRGíLIO SIMIONATO,Parque Natural Estoril
5030.35.1959,2.6064782908339077,0,1451,ÁREA DE PROTEÇÃO AMBIENTAL MUNICIPAL DO CAPIVARI-MONOS,Área de Proteção Ambiental Municipal do Capivari-Monos
5030.35.1961,1.2956419316843346,0,849,ÁREA DE PROTEçãO AMBIENTAL BORORé-COLôNIA,Área de Proteção Ambiental Municipal do Bororé-Colônia
